Venue,Venue acronym,PaperID,Publication Year,Title,Authors,Link,Already reviewed,To discuss (yes/no),To include in the Literature Review (yes/no),Role RQ1,Action RQ2,Quality attr RQ3,Metric RQ4,
Proceedings of the 31st ACM Joint European Software Engineering Conference and Symposium on the Foundations of Software Engineering,ESEC/FSE,Xianglin_2023_DeepDebugger,2023,DeepDebugger: An Interactive Time-Travelling Debugging Approach for Deep Classifiers,"Xianglin Yang, Yun Lin, Yifan Zhang, Linpeng Huang, Jin Song Dong, Hong Mei",https://doi.org/10.1145/3611643.3616252,no,no,yes,oracle,verification&correction,"robustness, efficiency, effectiveness, usability","accuracy, precision&recall, task success rate",
Proceedings of the 31st ACM Joint European Software Engineering Conference and Symposium on the Foundations of Software Engineering,ESEC/FSE,LanxinYa_2023_EvaCRC,2023,EvaCRC: Evaluating Code Review Comments,"Lanxin Yang, Jinwei Xu, Yifan Zhang, He Zhang, Alberto Bacchelli",https://doi.org/10.1145/3611643.3616245,no,no,yes,oracle,verification&correction,"effectiveness, explainability","precision&recall, f-measure, ROC/AUC",
Proceedings of the 30th ACM Joint European Software Engineering Conference and Symposium on the Foundations of Software Engineering,ESEC/FSE,ManishSh_2022_AutoTSG,2022,AutoTSG: Learning and Synthesis for Incident Troubleshooting,"Manish Shetty, Chetan Bansal, Sai Pramod Upadhyayula, Arjun Radhakrishna, Anurag Gupta",https://doi.org/10.1145/3540250.3558958,no,no,no,,,,,
Proceedings of the 29th ACM Joint Meeting on European Software Engineering Conference and Symposium on the Foundations of Software Engineering,ESEC/FSE,SahilSun_2021_Probing,2021,Probing Model Signal-Awareness via Prediction-Preserving Input Minimization,"Sahil Suneja, Yunhui Zheng, Yufan Zhuang, Jim A. Laredo, Alessandro Morari",https://doi.org/10.1145/3468264.3468545,yes,,,,,,,
Proceedings of the 30th ACM Joint European Software Engineering Conference and Symposium on the Foundations of Software Engineering,ESEC/FSE,AlbertoM_2022_Online,2022,Online Testing of RESTful APIs: Promises and Challenges,"Alberto Martin-Lopez, Sergio Segura, Antonio Ruiz-Cort\'{e}s",https://doi.org/10.1145/3540250.3549144,no,no,no,,,,,
Proceedings of the 31st ACM Joint European Software Engineering Conference and Symposium on the Foundations of Software Engineering,ESEC/FSE,Christop_2023_Automated,2023,Automated Test Generation for Medical Rules Web Services: A Case Study at the Cancer Registry of Norway,"Christoph Laaber, Tao Yue, Shaukat Ali, Thomas Schwitalla, Jan Nyg\r{a}rd",https://doi.org/10.1145/3611643.3613882,no,no,no,,,,,
Proceedings of the 31st ACM Joint European Software Engineering Conference and Symposium on the Foundations of Software Engineering,ESEC/FSE,AndreasH_2023_Understanding,2023,Understanding Hackers’ Work: An Empirical Study of Offensive Security Practitioners,"Andreas Happe, J\""{u}rgen Cito",https://doi.org/10.1145/3611643.3613900,no,no,no,,,,,
Proceedings of the 2019 27th ACM Joint Meeting on European Software Engineering Conference and Symposium on the Foundations of Software Engineering,ESEC/FSE,DomagojB_2019_FUDGE,2019,FUDGE: Fuzz Driver Generation at Scale,"Domagoj Babi\'{c}, Stefan Bucur, Yaohui Chen, Franjo Ivan\v{c}i\'{c}, Tim King, Markus Kusano, Caroline Lemieux, L\'{a}szl\'{o} Szekeres, Wei Wang",https://doi.org/10.1145/3338906.3340456,yes,,,,,,,
Proceedings of the 31st ACM Joint European Software Engineering Conference and Symposium on the Foundations of Software Engineering,ESEC/FSE,ShubhamA_2023_Outage-Watch,2023,Outage-Watch: Early Prediction of Outages Using Extreme Event Regularizer,"Shubham Agarwal, Sarthak Chakraborty, Shaddy Garg, Sumit Bisht, Chahat Jain, Ashritha Gonuguntla, Shiv Saini",https://doi.org/10.1145/3611643.3616316,no,no,no,,,,,
Proceedings of the 30th ACM Joint European Software Engineering Conference and Symposium on the Foundations of Software Engineering,ESEC/FSE,"JueWang,_2022_Detecting",2022,Detecting Non-Crashing Functional Bugs in Android Apps via Deep-State Differential Analysis,"Jue Wang, Yanyan Jiang, Ting Su, Shaohua Li, Chang Xu, Jian Lu, Zhendong Su",https://doi.org/10.1145/3540250.3549170,no,no,no,,,,,
Proceedings of the 28th ACM Joint Meeting on European Software Engineering Conference and Symposium on the Foundations of Software Engineering,ESEC/FSE,Alexande_2020_When,2020,When Does My Program Do This? Learning Circumstances of Software Behavior,"Alexander Kampmann, Nikolas Havrikov, Ezekiel O. Soremekun, Andreas Zeller",https://doi.org/10.1145/3368089.3409687,yes,,,,,,,
Proceedings of the 2018 26th ACM Joint Meeting on European Software Engineering Conference and Symposium on the Foundations of Software Engineering,ESEC/FSE,"XujieSi,_2018_Syntax-Guided",2018,Syntax-Guided Synthesis of Datalog Programs,"Xujie Si, Woosuk Lee, Richard Zhang, Aws Albarghouthi, Paraschos Koutris, Mayur Naik",https://doi.org/10.1145/3236024.3236034,yes,,,,,,,
Proceedings of the 31st ACM Joint European Software Engineering Conference and Symposium on the Foundations of Software Engineering,ESEC/FSE,AnesBend_2023_On-Premise,2023,On-Premise AIOps Infrastructure for a Software Editor SME: An Experience Report,"Anes Bendimerad, Youcef Remil, Romain Mathonat, Mehdi Kaytoue",https://doi.org/10.1145/3611643.3613876,no,no,no,,,,,
Proceedings of the 2019 27th ACM Joint Meeting on European Software Engineering Conference and Symposium on the Foundations of Software Engineering,ESEC/FSE,"ZheYu,Fa_2019_TERMINATOR",2019,TERMINATOR: Better Automated UI Test Case Prioritization,"Zhe Yu, Fahmid Fahid, Tim Menzies, Gregg Rothermel, Kyle Patrick, Snehit Cherian",https://doi.org/10.1145/3338906.3340448,yes,,,,,,,
Proceedings of the 31st ACM Joint European Software Engineering Conference and Symposium on the Foundations of Software Engineering,ESEC/FSE,MartinEb_2023_Semantic,2023,Semantic Debugging,"Martin Eberlein, Marius Smytzek, Dominic Steinh\""{o}fel, Lars Grunske, Andreas Zeller",https://doi.org/10.1145/3611643.3616296,no,no,no,,,,,
Proceedings of the 28th ACM Joint Meeting on European Software Engineering Conference and Symposium on the Foundations of Software Engineering,ESEC/FSE,JinhanKi_2020_Reducing,2020,Reducing DNN Labelling Cost Using Surprise Adequacy: An Industrial Case Study for Autonomous Driving,"Jinhan Kim, Jeongil Ju, Robert Feldt, Shin Yoo",https://doi.org/10.1145/3368089.3417065,yes,,,,,,,
Proceedings of the 2018 26th ACM Joint Meeting on European Software Engineering Conference and Symposium on the Foundations of Software Engineering,ESEC/FSE,PauloSal_2018_The,2018,The Case for Experiment-Oriented Computing,Paulo Salem,https://doi.org/10.1145/3236024.3264831,no,no,no,,,,,
Proceedings of the 28th ACM Joint Meeting on European Software Engineering Conference and Symposium on the Foundations of Software Engineering,ESEC/FSE,"ZenanLi,_2020_Operational",2020,Operational Calibration: Debugging Confidence Errors for DNNs in the Field,"Zenan Li, Xiaoxing Ma, Chang Xu, Jingwei Xu, Chun Cao, Jian L\""{u}",https://doi.org/10.1145/3368089.3409696,yes,,,,,,,
Proceedings of the 29th ACM Joint Meeting on European Software Engineering Conference and Symposium on the Foundations of Software Engineering,ESEC/FSE,"YiDing,A_2021_Generalizable",2021,Generalizable and Interpretable Learning for Configuration Extrapolation,"Yi Ding, Ahsan Pervaiz, Michael Carbin, Henry Hoffmann",https://doi.org/10.1145/3468264.3468603,yes,,,,,,,
Proceedings of the 2015 10th Joint Meeting on Foundations of Software Engineering,FSE,"JunSun,H_2015_TLV",2015,"TLV: Abstraction through Testing, Learning, and Validation","Jun Sun, Hao Xiao, Yang Liu, Shang-Wei Lin, Shengchao Qin",https://doi.org/10.1145/2786805.2786817,yes,,,,,,,
Proceedings of the 29th ACM Joint Meeting on European Software Engineering Conference and Symposium on the Foundations of Software Engineering,ESEC/FSE,Nicholas_2021_XAI,2021,XAI Tools in the Public Sector: A Case Study on Predicting Combined Sewer Overflows,"Nicholas Maltbie, Nan Niu, Matthew Van Doren, Reese Johnson",https://doi.org/10.1145/3468264.3468547,no,no,no,,,,,
Proceedings of the 31st ACM Joint European Software Engineering Conference and Symposium on the Foundations of Software Engineering,ESEC/FSE,Chaozhen_2023_How,2023,How Practitioners Expect Code Completion?,"Chaozheng Wang, Junhao Hu, Cuiyun Gao, Yu Jin, Tao Xie, Hailiang Huang, Zhenyu Lei, Yuetang Deng",https://doi.org/10.1145/3611643.3616280,no,no,no,,,,,
Proceedings of the 2015 10th Joint Meeting on Foundations of Software Engineering,FSE,NorbertS_2015_Performance-Influence,2015,Performance-Influence Models for Highly Configurable Systems,"Norbert Siegmund, Alexander Grebhahn, Sven Apel, Christian K\""{a}stner",https://doi.org/10.1145/2786805.2786845,yes,,,,,,,
Proceedings of the 28th ACM Joint Meeting on European Software Engineering Conference and Symposium on the Foundations of Software Engineering,ESEC/FSE,AlexCumm_2020_Beware,2020,Beware the Evolving ‘Intelligent’ Web Service! An Integration Architecture Tactic to Guard AI-First Components,"Alex Cummaudo, Scott Barnett, Rajesh Vasa, John Grundy, Mohamed Abdelrazek",https://doi.org/10.1145/3368089.3409688,no,no,no,,,,,
Proceedings of the 30th ACM Joint European Software Engineering Conference and Symposium on the Foundations of Software Engineering,ESEC/FSE,MartinEb_2022_Explaining,2022,Explaining and Debugging Pathological Program Behavior,Martin Eberlein,https://doi.org/10.1145/3540250.3558910,no,no,no,,,,,
Proceedings of the 30th ACM Joint European Software Engineering Conference and Symposium on the Foundations of Software Engineering,ESEC/FSE,SpandanG_2022_DeepDev-PERF,2022,DeepDev-PERF: A Deep Learning-Based Approach for Improving Software Performance,"Spandan Garg, Roshanak Zilouchian Moghaddam, Colin B. Clement, Neel Sundaresan, Chen Wu",https://doi.org/10.1145/3540250.3549096,no,no,no,,,,,
Proceedings of the 2018 26th ACM Joint Meeting on European Software Engineering Conference and Symposium on the Foundations of Software Engineering,ESEC/FSE,ShiqingM_2018_MODE,2018,MODE: Automated Neural Network Model Debugging via State Differential Analysis and Input Selection,"Shiqing Ma, Yingqi Liu, Wen-Chuan Lee, Xiangyu Zhang, Ananth Grama",https://doi.org/10.1145/3236024.3236082,yes,,,,,,,
Proceedings of the 2019 27th ACM Joint Meeting on European Software Engineering Conference and Symposium on the Foundations of Software Engineering,ESEC/FSE,Zhengkai_2019_REINAM,2019,REINAM: Reinforcement Learning for Input-Grammar Inference,"Zhengkai Wu, Evan Johnson, Wei Yang, Osbert Bastani, Dawn Song, Jian Peng, Tao Xie",https://doi.org/10.1145/3338906.3338958,yes,,,,,,,
Proceedings of the 30th ACM Joint European Software Engineering Conference and Symposium on the Foundations of Software Engineering,ESEC/FSE,LimingDo_2022_Semi-Supervised,2022,Semi-Supervised Pre-Processing for Learning-Based Traceability Framework on Real-World Software Projects,"Liming Dong, He Zhang, Wei Liu, Zhiluo Weng, Hongyu Kuang",https://doi.org/10.1145/3540250.3549151,no,no,no,,,,,
Proceedings of the 28th ACM Joint Meeting on European Software Engineering Conference and Symposium on the Foundations of Software Engineering,ESEC/FSE,ShivamHa_2020_Inductive,2020,Inductive Program Synthesis over Noisy Data,"Shivam Handa, Martin C. Rinard",https://doi.org/10.1145/3368089.3409732,yes,,,,,,,
Proceedings of the 19th ACM SIGSOFT Symposium and the 13th European Conference on Foundations of Software Engineering,FSE,SteliosS_2011_Managing,2011,Managing Performance vs. Accuracy Trade-Offs with Loop Perforation,"Stelios Sidiroglou-Douskos, Sasa Misailovic, Henry Hoffmann, Martin Rinard",https://doi.org/10.1145/2025113.2025133,no,no,no,,,,,
Proceedings of the 30th ACM Joint European Software Engineering Conference and Symposium on the Foundations of Software Engineering,ESEC/FSE,YoavAlon_2022_Using,2022,Using Graph Neural Networks for Program Termination,"Yoav Alon, Cristina David",https://doi.org/10.1145/3540250.3549095,no,no,no,,,,,
Proceedings of the 29th ACM Joint Meeting on European Software Engineering Conference and Symposium on the Foundations of Software Engineering,ESEC/FSE,"YiLi,Sha_2021_Vulnerability",2021,Vulnerability Detection with Fine-Grained Interpretations,"Yi Li, Shaohua Wang, Tien N. Nguyen",https://doi.org/10.1145/3468264.3468597,no,no,no,,,,,
Proceedings of the 30th ACM Joint European Software Engineering Conference and Symposium on the Foundations of Software Engineering,ESEC/FSE,MircoGia_2022_Neural,2022,Neural Termination Analysis,"Mirco Giacobbe, Daniel Kroening, Julian Parsert",https://doi.org/10.1145/3540250.3549120,no,no,no,,,,,
Proceedings of the 2016 24th ACM SIGSOFT International Symposium on Foundations of Software Engineering,FSE,ZhaoguiX_2016_Python,2016,Python Probabilistic Type Inference with Natural Language Support,"Zhaogui Xu, Xiangyu Zhang, Lin Chen, Kexin Pei, Baowen Xu",https://doi.org/10.1145/2950290.2950343,no,no,no,,,,,
Proceedings of the 2017 11th Joint Meeting on Foundations of Software Engineering,FSE,"WeiFu,Ti_2017_Easy",2017,Easy over Hard: A Case Study on Deep Learning,"Wei Fu, Tim Menzies",https://doi.org/10.1145/3106237.3106256,no,no,no,,,,,
Proceedings of the 31st ACM Joint European Software Engineering Conference and Symposium on the Foundations of Software Engineering,ESEC/FSE,Chengjie_2023_EvoCLINICAL,2023,EvoCLINICAL: Evolving Cyber-Cyber Digital Twin with Active Transfer Learning for Automated Cancer Registry System,"Chengjie Lu, Qinghua Xu, Tao Yue, Shaukat Ali, Thomas Schwitalla, Jan Nyg\r{a}rd",https://doi.org/10.1145/3611643.3613897,no,no,no,,,,,
Proceedings of the 30th ACM Joint European Software Engineering Conference and Symposium on the Foundations of Software Engineering,ESEC/FSE,Zhenpeng_2022_MAAT,2022,MAAT: A Novel Ensemble Approach to Addressing Fairness and Performance Bugs for Machine Learning Software,"Zhenpeng Chen, Jie M. Zhang, Federica Sarro, Mark Harman",https://doi.org/10.1145/3540250.3549093,no,no,no,,,,,
Proceedings of the 2017 11th Joint Meeting on Foundations of Software Engineering,FSE,SainyamG_2017_Fairness,2017,Fairness Testing: Testing Software for Discrimination,"Sainyam Galhotra, Yuriy Brun, Alexandra Meliou",https://doi.org/10.1145/3106237.3106277,yes,,,,,,,
Proceedings of the 28th ACM Joint Meeting on European Software Engineering Conference and Symposium on the Foundations of Software Engineering,ESEC/FSE,AlexCumm_2020_Threshy,2020,Threshy: Supporting Safe Usage of Intelligent Web Services,"Alex Cummaudo, Scott Barnett, Rajesh Vasa, John Grundy",https://doi.org/10.1145/3368089.3417919,no,no,no,,,,,
Proceedings of the 28th ACM Joint Meeting on European Software Engineering Conference and Symposium on the Foundations of Software Engineering,ESEC/FSE,ShashijG_2020_Machine,2020,Machine Translation Testing via Pathological Invariance,"Shashij Gupta, Pinjia He, Clara Meister, Zhendong Su",https://doi.org/10.1145/3368089.3409756,no,no,no,,,,,
Proceedings of the 30th ACM Joint European Software Engineering Conference and Symposium on the Foundations of Software Engineering,ESEC/FSE,PeterRob_2022_Pair,2022,Pair Programming Conversations with Agents vs. Developers: Challenges and Opportunities for SE Community,"Peter Robe, Sandeep K. Kuttal, Jake AuBuchon, Jacob Hart",https://doi.org/10.1145/3540250.3549127,no,no,no,,,,,
Proceedings of the 30th ACM Joint European Software Engineering Conference and Symposium on the Foundations of Software Engineering,ESEC/FSE,Haoxiang_2022_MOSAT,2022,MOSAT: Finding Safety Violations of Autonomous Driving Systems Using Multi-Objective Genetic Algorithm,"Haoxiang Tian, Yan Jiang, Guoquan Wu, Jiren Yan, Jun Wei, Wei Chen, Shuo Li, Dan Ye",https://doi.org/10.1145/3540250.3549100,no,no,no,,,,,
Proceedings of the 28th ACM Joint Meeting on European Software Engineering Conference and Symposium on the Foundations of Software Engineering,ESEC/FSE,LindaErl_2020_An,2020,An Empirical Study of Bots in Software Development: Characteristics and Challenges from a Practitioner’s Perspective,"Linda Erlenhov, Francisco Gomes de Oliveira Neto, Philipp Leitner",https://doi.org/10.1145/3368089.3409680,no,no,no,,,,,
Proceedings of the 31st ACM Joint European Software Engineering Conference and Symposium on the Foundations of Software Engineering,ESEC/FSE,BoyueCar_2023_DecompoVision,2023,DecompoVision: Reliability Analysis of Machine Vision Components through Decomposition and Reuse,"Boyue Caroline Hu, Lina Marsso, Nikita Dvornik, Huakun Shen, Marsha Chechik",https://doi.org/10.1145/3611643.3616333,no,no,no,,,,,
Proceedings of the 29th ACM Joint Meeting on European Software Engineering Conference and Symposium on the Foundations of Software Engineering,ESEC/FSE,"YuZhou,H_2021_BRAID",2021,BRAID: An API Recommender Supporting Implicit User Feedback,"Yu Zhou, Haonan Jin, Xinying Yang, Taolue Chen, Krishna Narasimhan, Harald C. Gall",https://doi.org/10.1145/3468264.3473111,no,no,no,,,,,
Proceedings of the 28th ACM Joint Meeting on European Software Engineering Conference and Symposium on the Foundations of Software Engineering,ESEC/FSE,FabriceH_2020_Is,2020,Is Neuron Coverage a Meaningful Measure for Testing Deep Neural Networks?,"Fabrice Harel-Canada, Lingxiao Wang, Muhammad Ali Gulzar, Quanquan Gu, Miryung Kim",https://doi.org/10.1145/3368089.3409754,yes,,,,,,,
Proceedings of the 2013 9th Joint Meeting on Foundations of Software Engineering,FSE,StevenFr_2013_A,2013,A Publication Culture in Software Engineering (Panel),"Steven Fraser, Luciano Baresi, Jane Cleland-Huang, Carlo A. Furia, Georges Gonthier, Paola Inverardi, Moshe Y. Vardi",https://doi.org/10.1145/2491411.2505431,no,no,no,,,,,
Proceedings of the 30th ACM Joint European Software Engineering Conference and Symposium on the Foundations of Software Engineering,ESEC/FSE,Hyungjin_2022_Understanding,2022,Understanding Automated Code Review Process and Developer Experience in Industry,"Hyungjin Kim, Yonghwi Kwon, Sangwoo Joh, Hyukin Kwon, Yeonhee Ryou, Taeksu Kim",https://doi.org/10.1145/3540250.3558950,no,no,no,,,,,
Proceedings of the 29th ACM Joint Meeting on European Software Engineering Conference and Symposium on the Foundations of Software Engineering,ESEC/FSE,"BoWang,T_2021_SynGuar",2021,SynGuar: Guaranteeing Generalization in Programming by Example,"Bo Wang, Teodora Baluta, Aashish Kolluri, Prateek Saxena",https://doi.org/10.1145/3468264.3468621,yes,,,,,,,
Proceedings of the 28th ACM Joint Meeting on European Software Engineering Conference and Symposium on the Foundations of Software Engineering,ESEC/FSE,CelesteB_2020_Exempla,2020,Exempla Gratis (E.G.): Code Examples for Free,"Celeste Barnaby, Koushik Sen, Tianyi Zhang, Elena Glassman, Satish Chandra",https://doi.org/10.1145/3368089.3417052,no,no,no,,,,,
Proceedings of the 29th ACM Joint Meeting on European Software Engineering Conference and Symposium on the Foundations of Software Engineering,ESEC/FSE,"J\""{u}rg_2021_Explaining",2021,Explaining Mispredictions of Machine Learning Models Using Rule Induction,"J\""{u}rgen Cito, Isil Dillig, Seohyun Kim, Vijayaraghavan Murali, Satish Chandra",https://doi.org/10.1145/3468264.3468614,no,no,no,,,,,
Proceedings of the ACM SIGSOFT 20th International Symposium on the Foundations of Software Engineering,FSE,SenthilM_2012_AUSUM,2012,AUSUM: Approach for Unsupervised Bug Report Summarization,"Senthil Mani, Rose Catherine, Vibha Singhal Sinha, Avinava Dubey",https://doi.org/10.1145/2393596.2393607,no,no,no,,,,,
Proceedings of the 29th ACM Joint Meeting on European Software Engineering Conference and Symposium on the Foundations of Software Engineering,ESEC/FSE,HaoranWa_2021_Freeing,2021,Freeing Hybrid Distributed AI Training Configuration,Haoran Wang,https://doi.org/10.1145/3468264.3473104,no,no,no,,,,,
Proceedings of the 31st ACM Joint European Software Engineering Conference and Symposium on the Foundations of Software Engineering,ESEC/FSE,BoyueCar_2023_Towards,2023,Towards Feature-Based Analysis of the Machine Learning Development Lifecycle,"Boyue Caroline Hu, Marsha Chechik",https://doi.org/10.1145/3611643.3613082,no,no,no,,,,,
Proceedings of the 28th ACM Joint Meeting on European Software Engineering Conference and Symposium on the Foundations of Software Engineering,ESEC/FSE,YutongZh_2020_Automatically,2020,Automatically Identifying Performance Issue Reports with Heuristic Linguistic Patterns,"Yutong Zhao, Lu Xiao, Pouria Babvey, Lei Sun, Sunny Wong, Angel A. Martinez, Xiao Wang",https://doi.org/10.1145/3368089.3409674,no,no,no,,,,,
Proceedings of the 30th ACM Joint European Software Engineering Conference and Symposium on the Foundations of Software Engineering,ESEC/FSE,XinwenHu_2022_Lighting,2022,Lighting up Supervised Learning in User Review-Based Code Localization: Dataset and Benchmark,"Xinwen Hu, Yu Guo, Jianjie Lu, Zheling Zhu, Chuanyi Li, Jidong Ge, Liguo Huang, Bin Luo",https://doi.org/10.1145/3540250.3549141,no,no,no,,,,,
Proceedings of the 29th ACM Joint Meeting on European Software Engineering Conference and Symposium on the Foundations of Software Engineering,ESEC/FSE,YichengL_2021_Symbolic,2021,Symbolic Parallel Adaptive Importance Sampling for Probabilistic Program Analysis,"Yicheng Luo, Antonio Filieri, Yuan Zhou",https://doi.org/10.1145/3468264.3468593,no,no,no,,,,,
Proceedings of the 29th ACM Joint Meeting on European Software Engineering Conference and Symposium on the Foundations of Software Engineering,ESEC/FSE,Madeline_2021_To,2021,To Read or to Rotate? Comparing the Effects of Technical Reading Training and Spatial Skills Training on Novice Programming Ability,"Madeline Endres, Madison Fansher, Priti Shah, Westley Weimer",https://doi.org/10.1145/3468264.3468583,yes,,,,,,,
Proceedings of the 2019 27th ACM Joint Meeting on European Software Engineering Conference and Symposium on the Foundations of Software Engineering,ESEC/FSE,Jianfeng_2019_Predicting,2019,Predicting Breakdowns in Cloud Services (with SPIKE),"Jianfeng Chen, Joymallya Chakraborty, Philip Clark, Kevin Haverlock, Snehit Cherian, Tim Menzies",https://doi.org/10.1145/3338906.3340450,no,no,no,,,,,
Proceedings of the 22nd ACM SIGSOFT International Symposium on Foundations of Software Engineering,FSE,"YidaTao,_2014_Automatically",2014,Automatically Generated Patches as Debugging Aids: A Human Study,"Yida Tao, Jindae Kim, Sunghun Kim, Chang Xu",https://doi.org/10.1145/2635868.2635873,yes,,,,,,,
Proceedings of the 2018 26th ACM Joint Meeting on European Software Engineering Conference and Symposium on the Foundations of Software Engineering,ESEC/FSE,VaibhavS_2018_Oreo,2018,Oreo: Detection of Clones in the Twilight Zone,"Vaibhav Saini, Farima Farmahinifarahani, Yadong Lu, Pierre Baldi, Cristina V. Lopes",https://doi.org/10.1145/3236024.3236026,no,no,no,,,,,
Proceedings of the 2018 26th ACM Joint Meeting on European Software Engineering Conference and Symposium on the Foundations of Software Engineering,ESEC/FSE,PooyanJa_2018_Learning,2018,Learning to Sample: Exploiting Similarities across Environments to Learn Performance Models for Configurable Systems,"Pooyan Jamshidi, Miguel Velez, Christian K\""{a}stner, Norbert Siegmund",https://doi.org/10.1145/3236024.3236074,yes,,,,,,,
Proceedings of the 2019 27th ACM Joint Meeting on European Software Engineering Conference and Symposium on the Foundations of Software Engineering,ESEC/FSE,ShivaNej_2019_Evaluating,2019,Evaluating Model Testing and Model Checking for Finding Requirements Violations in Simulink Models,"Shiva Nejati, Khouloud Gaaloul, Claudio Menghi, Lionel C. Briand, Stephen Foster, David Wolfe",https://doi.org/10.1145/3338906.3340444,no,no,no,,,,,
Proceedings of the 31st ACM Joint European Software Engineering Conference and Symposium on the Foundations of Software Engineering,ESEC/FSE,SiweiWei_2023_Discovering,2023,Discovering Parallelisms in Python Programs,"Siwei Wei, Guyang Song, Senlin Zhu, Ruoyi Ruan, Shihao Zhu, Yan Cai",https://doi.org/10.1145/3611643.3616259,no,no,no,,,,,
Proceedings of the 31st ACM Joint European Software Engineering Conference and Symposium on the Foundations of Software Engineering,ESEC/FSE,"YiLi,Aas_2023_Commit-Level,",2023,"Commit-Level, Neural Vulnerability Detection and Assessment","Yi Li, Aashish Yadavally, Jiaxing Zhang, Shaohua Wang, Tien N. Nguyen",https://doi.org/10.1145/3611643.3616346,no,no,no,,,,,
Proceedings of the 30th ACM Joint European Software Engineering Conference and Symposium on the Foundations of Software Engineering,ESEC/FSE,HarshitK_2022_Metadata-Based,2022,Metadata-Based Retrieval for Resolution Recommendation in AIOps,"Harshit Kumar, Ruchi Mahindru, Debanjana Kar",https://doi.org/10.1145/3540250.3558964,no,no,no,,,,,
Proceedings of the 28th ACM Joint Meeting on European Software Engineering Conference and Symposium on the Foundations of Software Engineering,ESEC/FSE,Jos\'{e}_2020_AMS,2020,AMS: Generating AutoML Search Spaces from Weak Specifications,"Jos\'{e} P. Cambronero, J\""{u}rgen Cito, Martin C. Rinard",https://doi.org/10.1145/3368089.3409700,yes,,,,,,,
Proceedings of the 28th ACM Joint Meeting on European Software Engineering Conference and Symposium on the Foundations of Software Engineering,ESEC/FSE,JiajunJi_2020_How,2020,How to Mitigate the Incident? An Effective Troubleshooting Guide Recommendation Technique for Online Service Systems,"Jiajun Jiang, Weihai Lu, Junjie Chen, Qingwei Lin, Pu Zhao, Yu Kang, Hongyu Zhang, Yingfei Xiong, Feng Gao, Zhangwei Xu, Yingnong Dang, Dongmei Zhang",https://doi.org/10.1145/3368089.3417054,yes,,,,,,,
Proceedings of the 30th ACM Joint European Software Engineering Conference and Symposium on the Foundations of Software Engineering,ESEC/FSE,"ShuWang,_2022_AgileCtrl",2022,AgileCtrl: A Self-Adaptive Framework for Configuration Tuning,"Shu Wang, Henry Hoffmann, Shan Lu",https://doi.org/10.1145/3540250.3549136,no,no,no,,,,,
Proceedings of the 30th ACM Joint European Software Engineering Conference and Symposium on the Foundations of Software Engineering,ESEC/FSE,NormanPe_2022_Correlates,2022,Correlates of Programmer Efficacy and Their Link to Experience: A Combined EEG and Eye-Tracking Study,"Norman Peitek, Annabelle Bergum, Maurice Rekrut, Jonas Mucke, Matthias Nadig, Chris Parnin, Janet Siegmund, Sven Apel",https://doi.org/10.1145/3540250.3549084,no,no,no,,,,,
Proceedings of the 19th ACM SIGSOFT Symposium and the 13th European Conference on Foundations of Software Engineering,FSE,RishabhS_2011_Synthesizing,2011,Synthesizing Data Structure Manipulations from Storyboards,"Rishabh Singh, Armando Solar-Lezama",https://doi.org/10.1145/2025113.2025153,no,no,no,,,,,
Proceedings of the 28th ACM Joint Meeting on European Software Engineering Conference and Symposium on the Foundations of Software Engineering,ESEC/FSE,MichaelP_2020_TypeWriter,2020,TypeWriter: Neural Type Prediction with Search-Based Validation,"Michael Pradel, Georgios Gousios, Jason Liu, Satish Chandra",https://doi.org/10.1145/3368089.3409715,no,no,no,,,,,
Proceedings of the 31st ACM Joint European Software Engineering Conference and Symposium on the Foundations of Software Engineering,ESEC/FSE,Maria-Ir_2023_Revisiting,2023,Revisiting Neural Program Smoothing for Fuzzing,"Maria-Irina Nicolae, Max Eisele, Andreas Zeller",https://doi.org/10.1145/3611643.3616308,no,no,no,,,,,
Proceedings of the 29th ACM Joint Meeting on European Software Engineering Conference and Symposium on the Foundations of Software Engineering,ESEC/FSE,Jialiang_2021_Toward,2021,Toward Efficient Interactions between Python and Native Libraries,"Jialiang Tan, Yu Chen, Zhenming Liu, Bin Ren, Shuaiwen Leon Song, Xipeng Shen, Xu Liu",https://doi.org/10.1145/3468264.3468541,no,no,no,,,,,
Proceedings of the 30th ACM Joint European Software Engineering Conference and Symposium on the Foundations of Software Engineering,ESEC/FSE,DavidOBr_2022_23,2022,23 Shades of Self-Admitted Technical Debt: An Empirical Study on Machine Learning Software,"David OBrien, Sumon Biswas, Sayem Imtiaz, Rabe Abdalkareem, Emad Shihab, Hridesh Rajan",https://doi.org/10.1145/3540250.3549088,no,no,no,,,,,
Proceedings of the 29th ACM Joint Meeting on European Software Engineering Conference and Symposium on the Foundations of Software Engineering,ESEC/FSE,ZehaoWan_2021_Would,2021,Would You like a Quick Peek? Providing Logging Support to Monitor Data Processing in Big Data Applications,"Zehao Wang, Haoxiang Zhang, Tse-Hsun (Peter) Chen, Shaowei Wang",https://doi.org/10.1145/3468264.3468613,no,no,no,,,,,
Proceedings of the 2019 27th ACM Joint Meeting on European Software Engineering Conference and Symposium on the Foundations of Software Engineering,ESEC/FSE,GolamMos_2019_CloneCognition,2019,CloneCognition: Machine Learning Based Code Clone Validation Tool,"Golam Mostaeen, Jeffrey Svajlenko, Banani Roy, Chanchal K. Roy, Kevin A. Schneider",https://doi.org/10.1145/3338906.3341182,no,no,no,,,,,
Proceedings of the 30th ACM Joint European Software Engineering Conference and Symposium on the Foundations of Software Engineering,ESEC/FSE,VitaliyB_2022_All,2022,All You Need is Logs: Improving Code Completion by Learning from Anonymous IDE Usage Logs,"Vitaliy Bibaev, Alexey Kalina, Vadim Lomshakov, Yaroslav Golubev, Alexander Bezzubov, Nikita Povarov, Timofey Bryksin",https://doi.org/10.1145/3540250.3558968,no,no,no,,,,,
Proceedings of the 31st ACM Joint European Software Engineering Conference and Symposium on the Foundations of Software Engineering,ESEC/FSE,Xiangzhe_2023_PEM,2023,PEM: Representing Binary Program Semantics for Similarity Analysis via a Probabilistic Execution Model,"Xiangzhe Xu, Zhou Xuan, Shiwei Feng, Siyuan Cheng, Yapeng Ye, Qingkai Shi, Guanhong Tao, Le Yu, Zhuo Zhang, Xiangyu Zhang",https://doi.org/10.1145/3611643.3616301,no,no,no,,,,,
Proceedings of the 22nd ACM SIGSOFT International Symposium on Foundations of Software Engineering,FSE,Miltiadi_2014_Mining,2014,Mining Idioms from Source Code,"Miltiadis Allamanis, Charles Sutton",https://doi.org/10.1145/2635868.2635901,no,no,no,,,,,
Proceedings of the 29th ACM Joint Meeting on European Software Engineering Conference and Symposium on the Foundations of Software Engineering,ESEC/FSE,SaikatDu_2021_FLEX,2021,FLEX: Fixing Flaky Tests in Machine Learning Projects by Updating Assertion Bounds,"Saikat Dutta, August Shi, Sasa Misailovic",https://doi.org/10.1145/3468264.3468615,no,no,no,,,,,
Proceedings of the 31st ACM Joint European Software Engineering Conference and Symposium on the Foundations of Software Engineering,ESEC/FSE,FelipeFr_2023_Do,2023,Do CONTRIBUTING Files Provide Information about OSS Newcomers’ Onboarding Barriers?,"Felipe Fronchetti, David C. Shepherd, Igor Wiese, Christoph Treude, Marco Aur\'{e}lio Gerosa, Igor Steinmacher",https://doi.org/10.1145/3611643.3616288,no,no,no,,,,,
Proceedings of the 22nd ACM SIGSOFT International Symposium on Foundations of Software Engineering,FSE,HarryRay_2014_Software,2014,Software Programmer Management: A Machine Learning and Human Computer Interaction Framework for Optimal Task Assignment,Harry Raymond Joseph,https://doi.org/10.1145/2635868.2661684,no,no,no,,,,,
Proceedings of the 31st ACM Joint European Software Engineering Conference and Symposium on the Foundations of Software Engineering,ESEC/FSE,DeqingZo_2023_Tritor,2023,Tritor: Detecting Semantic Code Clones by Building Social Network-Based Triads Model,"Deqing Zou, Siyue Feng, Yueming Wu, Wenqi Suo, Hai Jin",https://doi.org/10.1145/3611643.3616354,no,no,no,,,,,
Proceedings of the 2018 26th ACM Joint Meeting on European Software Engineering Conference and Symposium on the Foundations of Software Engineering,ESEC/FSE,"GangHu,L_2018_AppFlow",2018,"AppFlow: Using Machine Learning to Synthesize Robust, Reusable UI Tests","Gang Hu, Linjie Zhu, Junfeng Yang",https://doi.org/10.1145/3236024.3236055,no,no,no,,,,,
Proceedings of the 2018 26th ACM Joint Meeting on European Software Engineering Conference and Symposium on the Foundations of Software Engineering,ESEC/FSE,YuriyBru_2018_Software,2018,Software Fairness,"Yuriy Brun, Alexandra Meliou",https://doi.org/10.1145/3236024.3264838,yes,,,,,,,
Proceedings of the 2013 9th Joint Meeting on Foundations of Software Engineering,FSE,AdityaV._2013_Termination,2013,Termination Proofs from Tests,"Aditya V. Nori, Rahul Sharma",https://doi.org/10.1145/2491411.2491413,no,no,no,,,,,
Proceedings of the 2017 11th Joint Meeting on Foundations of Software Engineering,FSE,Sun-RoLe_2017_Applying,2017,Applying Deep Learning Based Automatic Bug Triager to Industrial Projects,"Sun-Ro Lee, Min-Jae Heo, Chan-Gun Lee, Milhan Kim, Gaeul Jeong",https://doi.org/10.1145/3106237.3117776,no,no,no,,,,,
Proceedings of the 2019 27th ACM Joint Meeting on European Software Engineering Conference and Symposium on the Foundations of Software Engineering,ESEC/FSE,DavideFu_2019_On,2019,On Using Machine Learning to Identify Knowledge in API Reference Documentation,"Davide Fucci, Alireza Mollaalizadehbahnemiri, Walid Maalej",https://doi.org/10.1145/3338906.3338943,no,no,no,,,,,
Proceedings of the 28th ACM Joint Meeting on European Software Engineering Conference and Symposium on the Foundations of Software Engineering,ESEC/FSE,Joymally_2020_Fairway,2020,Fairway: A Way to Build Fair ML Software,"Joymallya Chakraborty, Suvodeep Majumder, Zhe Yu, Tim Menzies",https://doi.org/10.1145/3368089.3409697,yes,,,,,,,
Proceedings of the 28th ACM Joint Meeting on European Software Engineering Conference and Symposium on the Foundations of Software Engineering,ESEC/FSE,"ZiPeng,J_2020_A",2020,A First Look at the Integration of Machine Learning Models in Complex Autonomous Driving Systems: A Case Study on Apollo,"Zi Peng, Jinqiu Yang, Tse-Hsun (Peter) Chen, Lei Ma",https://doi.org/10.1145/3368089.3417063,yes,,,,,,,
Proceedings of the 2013 9th Joint Meeting on Foundations of Software Engineering,FSE,KellyBli_2013_Do,2013,Do All Task Dependencies Require Coordination? The Role of Task Properties in Identifying Critical Coordination Needs in Software Projects,"Kelly Blincoe, Giuseppe Valetto, Daniela Damian",https://doi.org/10.1145/2491411.2491440,no,no,no,,,,,
Proceedings of the 31st ACM Joint European Software Engineering Conference and Symposium on the Foundations of Software Engineering,ESEC/FSE,LauraCab_2023_On,2023,On Using Information Retrieval to Recommend Machine Learning Good Practices for Software Engineers,"Laura Cabra-Acela, Anamaria Mojica-Hanke, Mario Linares-V\'{a}squez, Steffen Herbold",https://doi.org/10.1145/3611643.3613093,no,no,no,,,,,
Proceedings of the 31st ACM Joint European Software Engineering Conference and Symposium on the Foundations of Software Engineering,ESEC/FSE,ZhensuSu_2023_CodeMark,2023,CodeMark: Imperceptible Watermarking for Code Datasets against Neural Code Completion Models,"Zhensu Sun, Xiaoning Du, Fu Song, Li Li",https://doi.org/10.1145/3611643.3616297,no,no,no,,,,,
Proceedings of the 29th ACM Joint Meeting on European Software Engineering Conference and Symposium on the Foundations of Software Engineering,ESEC/FSE,Joymally_2021_Bias,2021,Bias in Machine Learning Software: Why? How? What to Do?,"Joymallya Chakraborty, Suvodeep Majumder, Tim Menzies",https://doi.org/10.1145/3468264.3468537,no,no,no,,,,,
Proceedings of the 2017 11th Joint Meeting on Foundations of Software Engineering,FSE,ShiqingM_2017_LAMP,2017,LAMP: Data Provenance for Graph Based Machine Learning Algorithms through Derivative Computation,"Shiqing Ma, Yousra Aafer, Zhaogui Xu, Wen-Chuan Lee, Juan Zhai, Yingqi Liu, Xiangyu Zhang",https://doi.org/10.1145/3106237.3106291,no,no,no,,,,,
Proceedings of the 30th ACM Joint European Software Engineering Conference and Symposium on the Foundations of Software Engineering,ESEC/FSE,MichaelF_2022_VulRepair,2022,VulRepair: A T5-Based Automated Software Vulnerability Repair,"Michael Fu, Chakkrit Tantithamthavorn, Trung Le, Van Nguyen, Dinh Phung",https://doi.org/10.1145/3540250.3549098,no,no,no,,,,,
Proceedings of the 28th ACM Joint Meeting on European Software Engineering Conference and Symposium on the Foundations of Software Engineering,ESEC/FSE,Khouloud_2020_Mining,2020,Mining Assumptions for Software Components Using Machine Learning,"Khouloud Gaaloul, Claudio Menghi, Shiva Nejati, Lionel C. Briand, David Wolfe",https://doi.org/10.1145/3368089.3409737,no,no,no,,,,,
Proceedings of the 29th ACM Joint Meeting on European Software Engineering Conference and Symposium on the Foundations of Software Engineering,ESEC/FSE,DavidLei_2021_Data-Driven,2021,Data-Driven Extract Method Recommendations: A Study at ING,"David Leij, Jasper Binda, Robbert Dalen, Pieter Vallen, Yaping Luo, Maur\'{\i}cio Aniche",https://doi.org/10.1145/3468264.3473927,no,no,no,,,,,
Proceedings of the 28th ACM Joint Meeting on European Software Engineering Conference and Symposium on the Foundations of Software Engineering,ESEC/FSE,SergioGa_2020_Robotics,2020,Robotics Software Engineering: A Perspective from the Service Robotics Domain,"Sergio Garc\'{\i}a, Daniel Str\""{u}ber, Davide Brugali, Thorsten Berger, Patrizio Pelliccione",https://doi.org/10.1145/3368089.3409743,no,no,no,,,,,
Proceedings of the 2013 9th Joint Meeting on Foundations of Software Engineering,FSE,AnnieT.T_2013_Code,2013,Code Fragment Summarization,"Annie T. T. Ying, Martin P. Robillard",https://doi.org/10.1145/2491411.2494587,no,no,no,,,,,
Proceedings of the 2018 26th ACM Joint Meeting on European Software Engineering Conference and Symposium on the Foundations of Software Engineering,ESEC/FSE,SantanuK_2018_RefiNym,2018,RefiNym: Using Names to Refine Types,"Santanu Kumar Dash, Miltiadis Allamanis, Earl T. Barr",https://doi.org/10.1145/3236024.3236042,no,no,no,,,,,
Proceedings of the 2019 27th ACM Joint Meeting on European Software Engineering Conference and Symposium on the Foundations of Software Engineering,ESEC/FSE,"YifeiLu,_2019_Preference-Wise",2019,Preference-Wise Testing for Android Applications,"Yifei Lu, Minxue Pan, Juan Zhai, Tian Zhang, Xuandong Li",https://doi.org/10.1145/3338906.3338980,no,no,no,,,,,
Proceedings of the 22nd ACM SIGSOFT International Symposium on Foundations of Software Engineering,FSE,SumitGul_2014_Feedback,2014,Feedback Generation for Performance Problems in Introductory Programming Assignments,"Sumit Gulwani, Ivan Radi\v{c}ek, Florian Zuleger",https://doi.org/10.1145/2635868.2635912,no,no,no,,,,,
Proceedings of the 29th ACM Joint Meeting on European Software Engineering Conference and Symposium on the Foundations of Software Engineering,ESEC/FSE,SumonBis_2021_Fair,2021,Fair Preprocessing: Towards Understanding Compositional Fairness of Data Transformers in Machine Learning Pipeline,"Sumon Biswas, Hridesh Rajan",https://doi.org/10.1145/3468264.3468536,no,no,no,,,,,
Proceedings of the 30th ACM Joint European Software Engineering Conference and Symposium on the Foundations of Software Engineering,ESEC/FSE,AyanChat_2022_Testing,2022,Testing of Machine Learning Models with Limited Samples: An Industrial Vacuum Pumping Application,"Ayan Chatterjee, Bestoun S. Ahmed, Erik Hallin, Anton Engman",https://doi.org/10.1145/3540250.3558943,no,no,no,,,,,
Proceedings of the 31st ACM Joint European Software Engineering Conference and Symposium on the Foundations of Software Engineering,ESEC/FSE,JiyangZh_2023_Multilingual,2023,Multilingual Code Co-Evolution Using Large Language Models,"Jiyang Zhang, Pengyu Nie, Junyi Jessy Li, Milos Gligoric",https://doi.org/10.1145/3611643.3616350,no,no,no,,,,,
Proceedings of the 22nd ACM SIGSOFT International Symposium on Foundations of Software Engineering,FSE,Sebastia_2014_Known,2014,Known Unknowns: Testing in the Presence of Uncertainty,"Sebastian Elbaum, David S. Rosenblum",https://doi.org/10.1145/2635868.2666608,no,no,no,,,,,
Proceedings of the 31st ACM Joint European Software Engineering Conference and Symposium on the Foundations of Software Engineering,ESEC/FSE,YiboWang_2023_Can,2023,Can Machine Learning Pipelines Be Better Configured?,"Yibo Wang, Ying Wang, Tingwei Zhang, Yue Yu, Shing-Chi Cheung, Hai Yu, Zhiliang Zhu",https://doi.org/10.1145/3611643.3616352,no,no,no,,,,,
Proceedings of the 28th ACM Joint Meeting on European Software Engineering Conference and Symposium on the Foundations of Software Engineering,ESEC/FSE,ZifanNan_2020_HISyn,2020,HISyn: Human Learning-Inspired Natural Language Programming,"Zifan Nan, Hui Guan, Xipeng Shen",https://doi.org/10.1145/3368089.3409673,no,no,no,,,,,
Proceedings of the 28th ACM Joint Meeting on European Software Engineering Conference and Symposium on the Foundations of Software Engineering,ESEC/FSE,SumonBis_2020_Do,2020,Do the Machine Learning Models on a Crowd Sourced Platform Exhibit Bias? An Empirical Study on Model Fairness,"Sumon Biswas, Hridesh Rajan",https://doi.org/10.1145/3368089.3409704,yes,,,,,,,
Proceedings of the 30th ACM Joint European Software Engineering Conference and Symposium on the Foundations of Software Engineering,ESEC/FSE,YuhaoGao_2022_Demystifying,2022,Demystifying the Underground Ecosystem of Account Registration Bots,"Yuhao Gao, Guoai Xu, Li Li, Xiapu Luo, Chenyu Wang, Yulei Sui",https://doi.org/10.1145/3368089.3409704,no,no,no,,,,,
Proceedings of the 28th ACM Joint Meeting on European Software Engineering Conference and Symposium on the Foundations of Software Engineering,ESEC/FSE,Zhuangbi_2020_Towards,2020,Towards Intelligent Incident Management: Why We Need It and How We Make It,"Zhuangbin Chen, Yu Kang, Liqun Li, Xu Zhang, Hongyu Zhang, Hui Xu, Yangfan Zhou, Li Yang, Jeffrey Sun, Zhangwei Xu, Yingnong Dang, Feng Gao, Pu Zhao, Bo Qiao, Qingwei Lin, Dongmei Zhang, Michael R. Lyu",https://doi.org/10.1145/3368089.3417055,yes,,,,,,,
Proceedings of the 28th ACM Joint Meeting on European Software Engineering Conference and Symposium on the Foundations of Software Engineering,ESEC/FSE,SalahGha_2020_Search-Based,2020,Search-Based Adversarial Testing and Improvement of Constrained Credit Scoring Systems,"Salah Ghamizi, Maxime Cordy, Martin Gubri, Mike Papadakis, Andrey Boystov, Yves Le Traon, Anne Goujon",https://doi.org/10.1145/3368089.3409739,no,no,no,,,,,
Proceedings of the 30th ACM Joint European Software Engineering Conference and Symposium on the Foundations of Software Engineering,ESEC/FSE,PedroOrv_2022_MultIPAs,2022,MultIPAs: Applying Program Transformations to Introductory Programming Assignments for Data Augmentation,"Pedro Orvalho, Mikol\'{a}\v{s} Janota, Vasco Manquinho",https://doi.org/10.1145/3540250.3558931,no,no,no,,,,,
Proceedings of the 2018 26th ACM Joint Meeting on European Software Engineering Conference and Symposium on the Foundations of Software Engineering,ESEC/FSE,JinmanZh_2018_Neural-Augmented,2018,Neural-Augmented Static Analysis of Android Communication,"Jinman Zhao, Aws Albarghouthi, Vaibhav Rastogi, Somesh Jha, Damien Octeau",https://doi.org/10.1145/3236024.3236066,no,no,no,,,,,
Proceedings of the 30th ACM Joint European Software Engineering Conference and Symposium on the Foundations of Software Engineering,ESEC/FSE,SaadEzzi_2022_TAPHSIR,2022,TAPHSIR: Towards AnaPHoric Ambiguity Detection and ReSolution in Requirements,"Saad Ezzini, Sallam Abualhaija, Chetan Arora, Mehrdad Sabetzadeh",https://doi.org/10.1145/3540250.3558928,no,no,no,,,,,
Proceedings of the 30th ACM Joint European Software Engineering Conference and Symposium on the Foundations of Software Engineering,ESEC/FSE,RunzheWa_2022_Industry,2022,Industry Practice of Configuration Auto-Tuning for Cloud Applications and Services,"Runzhe Wang, Qinglong Wang, Yuxi Hu, Heyuan Shi, Yuheng Shen, Yu Zhan, Ying Fu, Zheng Liu, Xiaohai Shi, Yu Jiang",https://doi.org/10.1145/3540250.3558962,no,no,no,,,,,
Proceedings of the 29th ACM Joint Meeting on European Software Engineering Conference and Symposium on the Foundations of Software Engineering,ESEC/FSE,"YidaTao,_2021_Demystifying",2021,Demystifying “Bad” Error Messages in Data Science Libraries,"Yida Tao, Zhihui Chen, Yepang Liu, Jifeng Xuan, Zhiwu Xu, Shengchao Qin",https://doi.org/10.1145/3468264.3468560,no,no,no,,,,,
Proceedings of the ACM SIGSOFT 20th International Symposium on the Foundations of Software Engineering,FSE,BoraCagl_2012_Dione,2012,Dione: An Integrated Measurement and Defect Prediction Solution,"Bora Caglayan, Ayse Tosun Misirli, Gul Calikli, Ayse Bener, Turgay Aytac, Burak Turhan",https://doi.org/10.1145/2393596.2393619,no,no,no,,,,,
Proceedings of the 30th ACM Joint European Software Engineering Conference and Symposium on the Foundations of Software Engineering,ESEC/FSE,KexinPei_2022_NeuDep,2022,NeuDep: Neural Binary Memory Dependence Analysis,"Kexin Pei, Dongdong She, Michael Wang, Scott Geng, Zhou Xuan, Yaniv David, Junfeng Yang, Suman Jana, Baishakhi Ray",https://doi.org/10.1145/3540250.3549147,no,no,no,,,,,
Proceedings of the 31st ACM Joint European Software Engineering Conference and Symposium on the Foundations of Software Engineering,ESEC/FSE,"YiLi,Aas_2023_DeMinify",2023,DeMinify: Neural Variable Name Recovery and Type Inference,"Yi Li, Aashish Yadavally, Jiaxing Zhang, Shaohua Wang, Tien N. Nguyen",https://doi.org/10.1145/3611643.3616368,no,no,no,,,,,
Proceedings of the 30th ACM Joint European Software Engineering Conference and Symposium on the Foundations of Software Engineering,ESEC/FSE,ThanhLe-_2022_AutoPruner,2022,AutoPruner: Transformer-Based Call Graph Pruning,"Thanh Le-Cong, Hong Jin Kang, Truong Giang Nguyen, Stefanus Agus Haryono, David Lo, Xuan-Bach D. Le, Quyet Thang Huynh",https://doi.org/10.1145/3540250.3549175,no,no,no,,,,,
Proceedings of the 2019 27th ACM Joint Meeting on European Software Engineering Conference and Symposium on the Foundations of Software Engineering,ESEC/FSE,MehdiBag_2019_Going,2019,Going Big: A Large-Scale Study on What Big Data Developers Ask,"Mehdi Bagherzadeh, Raffi Khatchadourian",https://doi.org/10.1145/3338906.3338939,no,no,no,,,,,
Proceedings of the 30th ACM Joint European Software Engineering Conference and Symposium on the Foundations of Software Engineering,ESEC/FSE,SiminChe_2022_NMTSloth,2022,NMTSloth: Understanding and Testing Efficiency Degradation of Neural Machine Translation Systems,"Simin Chen, Cong Liu, Mirazul Haque, Zihe Song, Wei Yang",https://doi.org/10.1145/3540250.3549102,no,no,no,,,,,
Proceedings of the 28th ACM Joint Meeting on European Software Engineering Conference and Symposium on the Foundations of Software Engineering,ESEC/FSE,SuhwanSo_2020_CrFuzz,2020,CrFuzz: Fuzzing Multi-Purpose Programs through Input Validation,"Suhwan Song, Chengyu Song, Yeongjin Jang, Byoungyoung Lee",https://doi.org/10.1145/3368089.3409769,no,no,no,,,,,
Proceedings of the 30th ACM Joint European Software Engineering Conference and Symposium on the Foundations of Software Engineering,ESEC/FSE,"YeZheng,_2022_MpBP",2022,MpBP: Verifying Robustness of Neural Networks with Multi-Path Bound Propagation,"Ye Zheng, Jiaxiang Liu, Xiaomu Shi",https://doi.org/10.1145/3540250.3558924,no,no,no,,,,,
Proceedings of the 2018 26th ACM Joint Meeting on European Software Engineering Conference and Symposium on the Foundations of Software Engineering,ESEC/FSE,JingleiR_2018_Towards,2018,Towards Quantifying the Development Value of Code Contributions,"Jinglei Ren, Hezheng Yin, Qingda Hu, Armando Fox, Wojciech Koszek",https://doi.org/10.1145/3236024.3264842,no,no,no,,,,,
Proceedings of the 2015 10th Joint Meeting on Foundations of Software Engineering,FSE,ErmiraDa_2015_Modeling,2015,Modeling Readability to Improve Unit Tests,"Ermira Daka, Jos\'{e} Campos, Gordon Fraser, Jonathan Dorn, Westley Weimer",https://doi.org/10.1145/2786805.2786838,no,no,no,,,,,
Proceedings of the 28th ACM Joint Meeting on European Software Engineering Conference and Symposium on the Foundations of Software Engineering,ESEC/FSE,"YuLiu,Ch_2020_Enhancing",2020,Enhancing the Interoperability between Deep Learning Frameworks by Model Conversion,"Yu Liu, Cheng Chen, Ru Zhang, Tingting Qin, Xiang Ji, Haoxiang Lin, Mao Yang",https://doi.org/10.1145/3368089.3417051,no,no,no,,,,,
Proceedings of the 29th ACM Joint Meeting on European Software Engineering Conference and Symposium on the Foundations of Software Engineering,ESEC/FSE,TasukuNa_2021_NIL,2021,NIL: Large-Scale Detection of Large-Variance Clones,"Tasuku Nakagawa, Yoshiki Higo, Shinji Kusumoto",https://doi.org/10.1145/3468264.3468564,no,no,no,,,,,
Proceedings of the 31st ACM Joint European Software Engineering Conference and Symposium on the Foundations of Software Engineering,ESEC/FSE,EmilyFir_2023_Baldur,2023,Baldur: Whole-Proof Generation and Repair with Large Language Models,"Emily First, Markus Rabe, Talia Ringer, Yuriy Brun",https://doi.org/10.1145/3611643.3616243,no,no,no,,,,,
Proceedings of the 30th ACM Joint European Software Engineering Conference and Symposium on the Foundations of Software Engineering,ESEC/FSE,GuannanL_2022_Testing,2022,Testing of Autonomous Driving Systems: Where Are We and Where Should We Go?,"Guannan Lou, Yao Deng, Xi Zheng, Mengshi Zhang, Tianyi Zhang",https://doi.org/10.1145/3540250.3549111,no,no,no,,,,,
Proceedings of the 28th ACM Joint Meeting on European Software Engineering Conference and Symposium on the Foundations of Software Engineering,ESEC/FSE,"LinShi,M_2020_Learning",2020,Learning to Extract Transaction Function from Requirements: An Industrial Case on Financial Software,"Lin Shi, Mingyang Li, Mingzhe Xing, Yawen Wang, Qing Wang, Xinhua Peng, Weimin Liao, Guizhen Pi, Haiqing Wang",https://doi.org/10.1145/3368089.3417053,yes,,,,,,,
Proceedings of the 30th ACM Joint European Software Engineering Conference and Symposium on the Foundations of Software Engineering,ESEC/FSE,AryazEgh_2022_DynaPyt,2022,DynaPyt: A Dynamic Analysis Framework for Python,"Aryaz Eghbali, Michael Pradel",https://doi.org/10.1145/3540250.3549126,no,no,no,,,,,
Proceedings of the 31st ACM Joint European Software Engineering Conference and Symposium on the Foundations of Software Engineering,ESEC/FSE,AlanRoma_2023_When,2023,When Function Inlining Meets WebAssembly: Counterintuitive Impacts on Runtime Performance,"Alan Romano, Weihang Wang",https://doi.org/10.1145/3611643.3616311,no,no,no,,,,,
Proceedings of the 2019 27th ACM Joint Meeting on European Software Engineering Conference and Symposium on the Foundations of Software Engineering,ESEC/FSE,NimaMiry_2019_An,2019,An IR-Based Approach towards Automated Integration of Geo-Spatial Datasets in Map-Based Software Systems,"Nima Miryeganeh, Mehdi Amoui, Hadi Hemmati",https://doi.org/10.1145/3338906.3340454,no,no,no,,,,,
Proceedings of the 30th ACM Joint European Software Engineering Conference and Symposium on the Foundations of Software Engineering,ESEC/FSE,"ChaoNi,W_2022_The",2022,The Best of Both Worlds: Integrating Semantic Features with Expert Features for Defect Prediction and Localization,"Chao Ni, Wei Wang, Kaiwen Yang, Xin Xia, Kui Liu, David Lo",https://doi.org/10.1145/3540250.3549165,no,no,no,,,,,
Proceedings of the 29th ACM Joint Meeting on European Software Engineering Conference and Symposium on the Foundations of Software Engineering,ESEC/FSE,"MaxHort,_2021_Fairea",2021,Fairea: A Model Behaviour Mutation Approach to Benchmarking Bias Mitigation Methods,"Max Hort, Jie M. Zhang, Federica Sarro, Mark Harman",https://doi.org/10.1145/3468264.3468565,no,no,no,,,,,
Proceedings of the 31st ACM Joint European Software Engineering Conference and Symposium on the Foundations of Software Engineering,ESEC/FSE,QinghuaX_2023_KDDT,2023,KDDT: Knowledge Distillation-Empowered Digital Twin for Anomaly Detection,"Qinghua Xu, Shaukat Ali, Tao Yue, Zaimovic Nedim, Inderjeet Singh",https://doi.org/10.1145/3611643.3613879,no,no,no,,,,,
Proceedings of the 28th ACM Joint Meeting on European Software Engineering Conference and Symposium on the Foundations of Software Engineering,ESEC/FSE,SiminChe_2020_DENAS,2020,DENAS: Automated Rule Generation by Knowledge Extraction from Neural Networks,"Simin Chen, Soroush Bateni, Sampath Grandhi, Xiaodi Li, Cong Liu, Wei Yang",https://doi.org/10.1145/3368089.3409733,yes,,,,,,,
Proceedings of the 2019 27th ACM Joint Meeting on European Software Engineering Conference and Symposium on the Foundations of Software Engineering,ESEC/FSE,XiangZho_2019_Latent,2019, Latent error prediction and fault localization for microservice applications by learning from system trace logs,"Xiang Zhou, Xin Peng, Tao Xie, Jun Sun, Chao Ji, Dewei Liu, Qilin Xiang, Chuan He",https://doi.org/10.1145/3338906.3338961,no,no,no,,,,,
Proceedings of the 31st ACM Joint European Software Engineering Conference and Symposium on the Foundations of Software Engineering,ESEC/FSE,SidongFe_2023_Towards,2023,Towards Efficient Record and Replay: A Case Study in WeChat,"Sidong Feng, Haochuan Lu, Ting Xiong, Yuetang Deng, Chunyang Chen",https://doi.org/10.1145/3611643.3613880,no,no,no,,,,,
Proceedings of the 30th ACM Joint European Software Engineering Conference and Symposium on the Foundations of Software Engineering,ESEC/FSE,MinghuaM_2022_An,2022,An Empirical Investigation of Missing Data Handling in Cloud Node Failure Prediction,"Minghua Ma, Yudong Liu, Yuang Tong, Haozhe Li, Pu Zhao, Yong Xu, Hongyu Zhang, Shilin He, Lu Wang, Yingnong Dang, Saravanakumar Rajmohan, Qingwei Lin",https://doi.org/10.1145/3540250.3558946,no,no,no,,,,,
Proceedings of the 28th ACM Joint Meeting on European Software Engineering Conference and Symposium on the Foundations of Software Engineering,ESEC/FSE,Sooyoung_2020_Making,2020,Making Symbolic Execution Promising by Learning Aggressive State-Pruning Strategy,"Sooyoung Cha, Hakjoo Oh",https://doi.org/10.1145/3368089.3409755,no,no,no,,,,,
Proceedings of the 28th ACM Joint Meeting on European Software Engineering Conference and Symposium on the Foundations of Software Engineering,ESEC/FSE,JiazhenG_2020_Efficient,2020,Efficient Customer Incident Triage via Linking with System Incidents,"Jiazhen Gu, Jiaqi Wen, Zijian Wang, Pu Zhao, Chuan Luo, Yu Kang, Yangfan Zhou, Li Yang, Jeffrey Sun, Zhangwei Xu, Bo Qiao, Liqun Li, Qingwei Lin, Dongmei Zhang",https://doi.org/10.1145/3368089.3417061,no,no,no,,,,,
Proceedings of the 2017 11th Joint Meeting on Foundations of Software Engineering,FSE,RohitSin_2017_A,2017,A Compiler and Verifier for Page Access Oblivious Computation,"Rohit Sinha, Sriram Rajamani, Sanjit A. Seshia",https://doi.org/10.1145/3106237.3106248,no,no,no,,,,,
Proceedings of the 2015 10th Joint Meeting on Foundations of Software Engineering,FSE,EdwardK._2015_Is,2015,Is the Cure Worse than the Disease? Overfitting in Automated Program Repair,"Edward K. Smith, Earl T. Barr, Claire Le Goues, Yuriy Brun",https://doi.org/10.1145/2786805.2786825,no,no,no,,,,,
Proceedings of the 2019 27th ACM Joint Meeting on European Software Engineering Conference and Symposium on the Foundations of Software Engineering,ESEC/FSE,"ZenanLi,_2019_Boosting",2019,Boosting Operational DNN Testing Efficiency through Conditioning,"Zenan Li, Xiaoxing Ma, Chang Xu, Chun Cao, Jingwei Xu, Jian L\""{u}",https://doi.org/10.1145/3338906.3338930,yes,,,,,,,
Proceedings of the 2016 24th ACM SIGSOFT International Symposium on Foundations of Software Engineering,FSE,Xiaodong_2016_Deep,2016,Deep API Learning,"Xiaodong Gu, Hongyu Zhang, Dongmei Zhang, Sunghun Kim",https://doi.org/10.1145/2950290.2950334,no,no,no,,,,,
Proceedings of the 31st ACM Joint European Software Engineering Conference and Symposium on the Foundations of Software Engineering,ESEC/FSE,LiyanSon_2023_A,2023,A Practical Human Labeling Method for Online Just-in-Time Software Defect Prediction,"Liyan Song, Leandro Minku, Cong Teng, Xin Yao",https://doi.org/10.1145/3611643.3616307,no,no,yes,oracle,classification,effectiveness,precision&recall,
Proceedings of the 31st ACM Joint European Software Engineering Conference and Symposium on the Foundations of Software Engineering,ESEC/FSE,XiaoyunL_2023_AG3,2023,AG3: Automated Game GUI Text Glitch Detection Based on Computer Vision,"Xiaoyun Liang, Jiayi Qi, Yongqiang Gao, Chao Peng, Ping Yang",https://doi.org/10.1145/3611643.3613867,no,no,no,,,,,
Proceedings of the 2019 27th ACM Joint Meeting on European Software Engineering Conference and Symposium on the Foundations of Software Engineering,ESEC/FSE,AliMesba_2019_DeepDelta,2019,DeepDelta: Learning to Repair Compilation Errors,"Ali Mesbah, Andrew Rice, Emily Johnston, Nick Glorioso, Edward Aftandilian",https://doi.org/10.1145/3338906.3340455,no,no,no,,,,,
Proceedings of the 30th ACM Joint European Software Engineering Conference and Symposium on the Foundations of Software Engineering,ESEC/FSE,ZhaoweiZ_2022_Diet,2022,Diet Code is Healthy: Simplifying Programs for Pre-Trained Models of Code,"Zhaowei Zhang, Hongyu Zhang, Beijun Shen, Xiaodong Gu",https://doi.org/10.1145/3540250.3549094,no,no,no,,,,,
Proceedings of the 29th ACM Joint Meeting on European Software Engineering Conference and Symposium on the Foundations of Software Engineering,ESEC/FSE,IslemSai_2021_BF-Detector,2021,BF-Detector: An Automated Tool for CI Build Failure Detection,"Islem Saidani, Ali Ouni, Moataz Chouchen, Mohamed Wiem Mkaouer",https://doi.org/10.1145/3468264.3473115,no,no,no,,,,,
Proceedings of the 29th ACM Joint Meeting on European Software Engineering Conference and Symposium on the Foundations of Software Engineering,ESEC/FSE,JibeshPa_2021_Semantic,2021,Semantic Bug Seeding: A Learning-Based Approach for Creating Realistic Bugs,"Jibesh Patra, Michael Pradel",https://doi.org/10.1145/3468264.3468623,no,no,no,,,,,
Proceedings of the 29th ACM Joint Meeting on European Software Engineering Conference and Symposium on the Foundations of Software Engineering,ESEC/FSE,KexinPei_2021_StateFormer,2021,StateFormer: Fine-Grained Type Recovery from Binaries Using Generative State Modeling,"Kexin Pei, Jonas Guan, Matthew Broughton, Zhongtian Chen, Songchen Yao, David Williams-King, Vikas Ummadisetty, Junfeng Yang, Baishakhi Ray, Suman Jana",https://doi.org/10.1145/3468264.3468607,no,no,no,,,,,
Proceedings of the 29th ACM Joint Meeting on European Software Engineering Conference and Symposium on the Foundations of Software Engineering,ESEC/FSE,GeorgeMa_2021_Cross-Language,2021,Cross-Language Code Search Using Static and Dynamic Analyses,"George Mathew, Kathryn T. Stolee",https://doi.org/10.1145/3468264.3468538,no,no,no,,,,,
Proceedings of the 2018 26th ACM Joint Meeting on European Software Engineering Conference and Symposium on the Foundations of Software Engineering,ESEC/FSE,SaikatDu_2018_Testing,2018,Testing Probabilistic Programming Systems,"Saikat Dutta, Owolabi Legunsen, Zixin Huang, Sasa Misailovic",https://doi.org/10.1145/3236024.3236057,no,no,no,,,,,
Proceedings of the 22nd ACM SIGSOFT International Symposium on Foundations of Software Engineering,FSE,Bakhtiar_2014_Minimizing,2014,Minimizing Software Conflicts through Proactive Detection of Conflicts and Task Scheduling,Bakhtiar Khan Kasi,https://doi.org/10.1145/2635868.2666600,no,no,no,,,,,
Proceedings of the 2016 24th ACM SIGSOFT International Symposium on Foundations of Software Engineering,FSE,"XuanLi,Z_2016_Relationship-Aware",2016,Relationship-Aware Code Search for JavaScript Frameworks,"Xuan Li, Zerui Wang, Qianxiang Wang, Shoumeng Yan, Tao Xie, Hong Mei",https://doi.org/10.1145/2950290.2950341,no,no,no,,,,,
Proceedings of the 29th ACM Joint Meeting on European Software Engineering Conference and Symposium on the Foundations of Software Engineering,ESEC/FSE,JonAyerd_2021_Generating,2021,Generating Metamorphic Relations for Cyber-Physical Systems with Genetic Programming: An Industrial Case Study,"Jon Ayerdi, Valerio Terragni, Aitor Arrieta, Paolo Tonella, Goiuria Sagardui, Maite Arratibel",https://doi.org/10.1145/3468264.3473920,no,no,no,,,,,
Proceedings of the 30th ACM Joint European Software Engineering Conference and Symposium on the Foundations of Software Engineering,ESEC/FSE,SaikatCh_2022_NatGen,2022,NatGen: Generative Pre-Training by “Naturalizing” Source Code,"Saikat Chakraborty, Toufique Ahmed, Yangruibo Ding, Premkumar T. Devanbu, Baishakhi Ray",https://doi.org/10.1145/3540250.3549162,no,no,no,,,,,
Proceedings of the 2019 27th ACM Joint Meeting on European Software Engineering Conference and Symposium on the Foundations of Software Engineering,ESEC/FSE,MdJohiru_2019_A,2019,A Comprehensive Study on Deep Learning Bug Characteristics,"Md Johirul Islam, Giang Nguyen, Rangeet Pan, Hridesh Rajan",https://doi.org/10.1145/3338906.3338955,yes,,,,,,,
Proceedings of the 2018 26th ACM Joint Meeting on European Software Engineering Conference and Symposium on the Foundations of Software Engineering,ESEC/FSE,VincentJ_2018_Deep,2018,Deep Learning Type Inference,"Vincent J. Hellendoorn, Christian Bird, Earl T. Barr, Miltiadis Allamanis",https://doi.org/10.1145/3236024.3236051,no,no,no,,,,,
Proceedings of the 31st ACM Joint European Software Engineering Conference and Symposium on the Foundations of Software Engineering,ESEC/FSE,JingzhiG_2023_Predicting,2023,Predicting Software Performance with Divide-and-Learn,"Jingzhi Gong, Tao Chen",https://doi.org/10.1145/3611643.3616334,no,no,no,,,,,
Proceedings of the 30th ACM Joint European Software Engineering Conference and Symposium on the Foundations of Software Engineering,ESEC/FSE,ZixuanFe_2022_A,2022,"A Case Study of Implicit Mentoring, Its Prevalence, and Impact in Apache","Zixuan Feng, Amreeta Chatterjee, Anita Sarma, Iftekhar Ahmed",https://doi.org/10.1145/3540250.3549167,no,no,no,,,,,
Proceedings of the 28th ACM Joint Meeting on European Software Engineering Conference and Symposium on the Foundations of Software Engineering,ESEC/FSE,ShenaoYa_2020_Correlations,2020,Correlations between Deep Neural Network Model Coverage Criteria and Model Quality,"Shenao Yan, Guanhong Tao, Xuwei Liu, Juan Zhai, Shiqing Ma, Lei Xu, Xiangyu Zhang",https://doi.org/10.1145/3368089.3409671,yes,,,,,,,
Proceedings of the 28th ACM Joint Meeting on European Software Engineering Conference and Symposium on the Foundations of Software Engineering,ESEC/FSE,"PanBian,_2020_SinkFinder",2020,SinkFinder: Harvesting Hundreds of Unknown Interesting Function Pairs with Just One Seed,"Pan Bian, Bin Liang, Jianjun Huang, Wenchang Shi, Xidong Wang, Jian Zhang",https://doi.org/10.1145/3368089.3409678,no,no,no,,,,,
Proceedings of the 30th ACM Joint European Software Engineering Conference and Symposium on the Foundations of Software Engineering,ESEC/FSE,HoangH.N_2022_MANDO-GURU,2022,MANDO-GURU: Vulnerability Detection for Smart Contract Source Code by Heterogeneous Graph Embeddings,"Hoang H. Nguyen, Nhat-Minh Nguyen, Hong-Phuc Doan, Zahra Ahmadi, Thanh-Nam Doan, Lingxiao Jiang",https://doi.org/10.1145/3540250.3558927,no,no,no,,,,,
Proceedings of the 2018 26th ACM Joint Meeting on European Software Engineering Conference and Symposium on the Foundations of Software Engineering,ESEC/FSE,JordanHe_2018_Code,2018,Code Vectors: Understanding Programs through Embedded Abstracted Symbolic Traces,"Jordan Henkel, Shuvendu K. Lahiri, Ben Liblit, Thomas Reps",https://doi.org/10.1145/3236024.3236085,no,no,no,,,,,
Proceedings of the 2019 27th ACM Joint Meeting on European Software Engineering Conference and Symposium on the Foundations of Software Engineering,ESEC/FSE,YuleiSui_2019_Event,2019,Event Trace Reduction for Effective Bug Replay of Android Apps via Differential GUI State Analysis,"Yulei Sui, Yifei Zhang, Wei Zheng, Manqing Zhang, Jingling Xue",https://doi.org/10.1145/3338906.3341183,no,no,no,,,,,
Proceedings of the 30th ACM Joint European Software Engineering Conference and Symposium on the Foundations of Software Engineering,ESEC/FSE,"ZeyanLi,_2022_Actionable",2022,Actionable and Interpretable Fault Localization for Recurring Failures in Online Service Systems,"Zeyan Li, Nengwen Zhao, Mingjie Li, Xianglin Lu, Lixin Wang, Dongdong Chang, Xiaohui Nie, Li Cao, Wenchi Zhang, Kaixin Sui, Yanhua Wang, Xu Du, Guoqiang Duan, Dan Pei",https://doi.org/10.1145/3540250.3549092,no,no,yes,oracle,solicited feedback,"effectiveness, efficiency",accuracy,
Proceedings of the 2016 24th ACM SIGSOFT International Symposium on Foundations of Software Engineering,FSE,ShinHwei_2016_Anti-Patterns,2016,Anti-Patterns in Search-Based Program Repair,"Shin Hwei Tan, Hiroaki Yoshida, Mukul R. Prasad, Abhik Roychoudhury",https://doi.org/10.1145/2950290.2950295,no,no,no,,,,,
Proceedings of the 30th ACM Joint European Software Engineering Conference and Symposium on the Foundations of Software Engineering,ESEC/FSE,MengdiZh_2022_Adaptive,2022,Adaptive Fairness Improvement Based on Causality Analysis,"Mengdi Zhang, Jun Sun",https://doi.org/10.1145/3540250.3549103,no,no,no,,,,,
Proceedings of the 29th ACM Joint Meeting on European Software Engineering Conference and Symposium on the Foundations of Software Engineering,ESEC/FSE,RomanHaa_2021_How,2021,"How Can Manual Testing Processes Be Optimized? Developer Survey, Optimization Guidelines, and Case Studies","Roman Haas, Daniel Elsner, Elmar Juergens, Alexander Pretschner, Sven Apel",https://doi.org/10.1145/3468264.3473922,no,no,no,,,,,
Proceedings of the 2015 10th Joint Meeting on Foundations of Software Engineering,FSE,TitusBar_2015_I,2015,I Heart Hacker News: Expanding Qualitative Research Findings by Analyzing Social News Websites,"Titus Barik, Brittany Johnson, Emerson Murphy-Hill",https://doi.org/10.1145/2786805.2803200,no,no,no,,,,,
Proceedings of the 31st ACM Joint European Software Engineering Conference and Symposium on the Foundations of Software Engineering,ESEC/FSE,KushJain_2023_Contextual,2023,Contextual Predictive Mutation Testing,"Kush Jain, Uri Alon, Alex Groce, Claire Le Goues",https://doi.org/10.1145/3611643.3616289,no,no,no,,,,,
Proceedings of the 28th ACM Joint Meeting on European Software Engineering Conference and Symposium on the Foundations of Software Engineering,ESEC/FSE,GvozdenM_2020_Online,2020,Online Sports Betting through the Prism of Software Engineering,"Gvozden Marinkovic, Nikola Lukic, Nenad Medvidovic",https://doi.org/10.1145/3368089.3417049,no,no,no,,,,,
Proceedings of the 2015 10th Joint Meeting on Foundations of Software Engineering,FSE,JongsePa_2015_FlexJava,2015,FlexJava: Language Support for Safe and Modular Approximate Programming,"Jongse Park, Hadi Esmaeilzadeh, Xin Zhang, Mayur Naik, William Harris",https://doi.org/10.1145/2786805.2786807,no,no,no,,,,,
Proceedings of the 2016 24th ACM SIGSOFT International Symposium on Foundations of Software Engineering,FSE,ChungHwa_2016_PerfGuard,2016,PerfGuard: Binary-Centric Application Performance Monitoring in Production Environments,"Chung Hwan Kim, Junghwan Rhee, Kyu Hyung Lee, Xiangyu Zhang, Dongyan Xu",https://doi.org/10.1145/2950290.2950347,no,no,no,,,,,
Proceedings of the 31st ACM Joint European Software Engineering Conference and Symposium on the Foundations of Software Engineering,ESEC/FSE,SunbeomS_2023_SmartFix,2023,SmartFix: Fixing Vulnerable Smart Contracts by Accelerating Generate-and-Verify Repair Using Statistical Models,"Sunbeom So, Hakjoo Oh",https://doi.org/10.1145/3611643.3616341,no,no,no,,,,,
Proceedings of the 2016 24th ACM SIGSOFT International Symposium on Foundations of Software Engineering,FSE,QuinnHan_2016_Discovering,2016,Discovering Bug Patterns in JavaScript,"Quinn Hanam, Fernando S. de M. Brito, Ali Mesbah",https://doi.org/10.1145/2950290.2950308,no,no,no,,,,,
Proceedings of the 30th ACM Joint European Software Engineering Conference and Symposium on the Foundations of Software Engineering,ESEC/FSE,RobertDy_2022_An,2022,An Exploratory Study on the Predominant Programming Paradigms in Python Code,"Robert Dyer, Jigyasa Chauhan",https://doi.org/10.1145/3540250.3549158,no,no,no,,,,,
Proceedings of the 28th ACM Joint Meeting on European Software Engineering Conference and Symposium on the Foundations of Software Engineering,ESEC/FSE,"LiuLiu,S_2020_Global",2020,Global Cost/Quality Management across Multiple Applications,"Liu Liu, Sibren Isaacman, Ulrich Kremer",https://doi.org/10.1145/3368089.3409721,no,no,no,,,,,
Proceedings of the 29th ACM Joint Meeting on European Software Engineering Conference and Symposium on the Foundations of Software Engineering,ESEC/FSE,XianhaoJ_2021_Reducing,2021,Reducing Cost in Continuous Integration with a Collection of Build Selection Approaches,Xianhao Jin,https://doi.org/10.1145/3468264.3473103,no,no,no,,,,,
Proceedings of the 2016 24th ACM SIGSOFT International Symposium on Foundations of Software Engineering,FSE,Sebastia_2016_ARdoc,,ARdoc: App Reviews Development Oriented Classifier,"Sebastiano Panichella, Andrea Di Sorbo, Emitza Guzman, Corrado A. Visaggio, Gerardo Canfora, Harald C. Gall",https://doi.org/10.1145/2950290.2983938,no,no,no,,,,,
Proceedings of the 31st ACM Joint European Software Engineering Conference and Symposium on the Foundations of Software Engineering,ESEC/FSE,SiraVega_2023_Pitfalls,2023,Pitfalls in Experiments with DNN4SE: An Analysis of the State of the Practice,"Sira Vegas, Sebastian Elbaum",https://doi.org/10.1145/3611643.3616320,no,no,no,,,,,
Proceedings of the 31st ACM Joint European Software Engineering Conference and Symposium on the Foundations of Software Engineering,ESEC/FSE,RamtinEh_2023_Exploring,2023,Exploring Moral Principles Exhibited in OSS: A Case Study on GitHub Heated Issues,"Ramtin Ehsani, Rezvaneh Rezapour, Preetha Chatterjee",https://doi.org/10.1145/3611643.3613077,no,no,no,,,,,
Proceedings of the 2016 24th ACM SIGSOFT International Symposium on Foundations of Software Engineering,FSE,LucianoB_2016_A,2016,A Discrete-Time Feedback Controller for Containerized Cloud Applications,"Luciano Baresi, Sam Guinea, Alberto Leva, Giovanni Quattrocchi",https://doi.org/10.1145/2950290.2950328,no,no,no,,,,,
Proceedings of the 2018 26th ACM Joint Meeting on European Software Engineering Conference and Symposium on the Foundations of Software Engineering,ESEC/FSE,SayemMoh_2018_Towards,2018,Towards Data-Driven Vulnerability Prediction for Requirements,"Sayem Mohammad Imtiaz, Tanmay Bhowmik",https://doi.org/10.1145/3236024.3264836,no,no,no,,,,,
Proceedings of the 31st ACM Joint European Software Engineering Conference and Symposium on the Foundations of Software Engineering,ESEC/FSE,"JunYang,_2023_A",2023,A Large-Scale Empirical Review of Patch Correctness Checking Approaches,"Jun Yang, Yuehan Wang, Yiling Lou, Ming Wen, Lingming Zhang",https://doi.org/10.1145/3611643.3616331,no,no,no,,,,,
Proceedings of the 2019 27th ACM Joint Meeting on European Software Engineering Conference and Symposium on the Foundations of Software Engineering,ESEC/FSE,YanjuChe_2019_Maximal,2019,Maximal Multi-Layer Specification Synthesis,"Yanju Chen, Ruben Martins, Yu Feng",https://doi.org/10.1145/3338906.3338951,no,no,no,,,,,
Proceedings of the 2019 27th ACM Joint Meeting on European Software Engineering Conference and Symposium on the Foundations of Software Engineering,ESEC/FSE,Tianchen_2019_FinExpert,2019,FinExpert: Domain-Specific Test Generation for FinTech Systems,"Tiancheng Jin, Qingshun Wang, Lihua Xu, Chunmei Pan, Liang Dou, Haifeng Qian, Liang He, Tao Xie",https://doi.org/10.1145/3338906.3340441,yes,,,,,,,
Proceedings of the 2019 27th ACM Joint Meeting on European Software Engineering Conference and Symposium on the Foundations of Software Engineering,ESEC/FSE,ChongWan_2019_A,2019,A Learning-Based Approach for Automatic Construction of Domain Glossary from Source Code and Documentation,"Chong Wang, Xin Peng, Mingwei Liu, Zhenchang Xing, Xuefang Bai, Bing Xie, Tuo Wang",https://doi.org/10.1145/3338906.3338963,yes,,,,,,,
Proceedings of the 31st ACM Joint European Software Engineering Conference and Symposium on the Foundations of Software Engineering,ESEC/FSE,Chenyang_2023_TransRacer,2023,TransRacer: Function Dependence-Guided Transaction Race Detection for Smart Contracts,"Chenyang Ma, Wei Song, Jeff Huang",https://doi.org/10.1145/3611643.3616281,no,no,no,,,,,
Proceedings of the 2016 24th ACM SIGSOFT International Symposium on Foundations of Software Engineering,FSE,JamesHer_2016_Building,2016,Building a Socio-Technical Theory of Coordination: Why and How (Outstanding Research Award),James Herbsleb,https://doi.org/10.1145/2950290.2994160,no,no,no,,,,,
Proceedings of the 19th ACM SIGSOFT Symposium and the 13th European Conference on Foundations of Software Engineering,FSE,AhmedTam_2011_Fuzzy,2011,Fuzzy Set and Cache-Based Approach for Bug Triaging,"Ahmed Tamrawi, Tung Thanh Nguyen, Jafar M. Al-Kofahi, Tien N. Nguyen",https://doi.org/10.1145/2025113.2025163,no,no,no,,,,,
Proceedings of the 30th ACM Joint European Software Engineering Conference and Symposium on the Foundations of Software Engineering,ESEC/FSE,"LiuWang,_2022_Demystifying",2022,Demystifying “Removed Reviews” in IOS App Store,"Liu Wang, Haoyu Wang, Xiapu Luo, Tao Zhang, Shangguang Wang, Xuanzhe Liu",https://doi.org/10.1145/3540250.3558966,no,no,no,,,,,
Proceedings of the 30th ACM Joint European Software Engineering Conference and Symposium on the Foundations of Software Engineering,ESEC/FSE,Guanhong_2022_RULER,2022,RULER: Discriminative and Iterative Adversarial Training for Deep Neural Network Fairness,"Guanhong Tao, Weisong Sun, Tingxu Han, Chunrong Fang, Xiangyu Zhang",https://doi.org/10.1145/3540250.3549169,no,no,no,,,,,
Proceedings of the 2016 24th ACM SIGSOFT International Symposium on Foundations of Software Engineering,FSE,Iftekhar_2016_Can,2016,Can Testedness Be Effectively Measured?,"Iftekhar Ahmed, Rahul Gopinath, Caius Brindescu, Alex Groce, Carlos Jensen",https://doi.org/10.1145/2950290.2950324,no,no,no,,,,,
Proceedings of the 2018 26th ACM Joint Meeting on European Software Engineering Conference and Symposium on the Foundations of Software Engineering,ESEC/FSE,ShilinHe_2018_Identifying,2018,Identifying Impactful Service System Problems via Log Analysis,"Shilin He, Qingwei Lin, Jian-Guang Lou, Hongyu Zhang, Michael R. Lyu, Dongmei Zhang",https://doi.org/10.1145/3236024.3236083,no,no,no,,,,,
Proceedings of the 30th ACM Joint European Software Engineering Conference and Symposium on the Foundations of Software Engineering,ESEC/FSE,YangHong_2022_CommentFinder,2022,"CommentFinder: A Simpler, Faster, More Accurate Code Review Comments Recommendation","Yang Hong, Chakkrit Tantithamthavorn, Patanamon Thongtanunam, Aldeida Aleti",https://doi.org/10.1145/3540250.3549119,no,no,no,,,,,
Proceedings of the 28th ACM Joint Meeting on European Software Engineering Conference and Symposium on the Foundations of Software Engineering,ESEC/FSE,"YuHuang,_2020_Biases",2020,"Biases and Differences in Code Review Using Medical Imaging and Eye-Tracking: Genders, Humans, and Machines","Yu Huang, Kevin Leach, Zohreh Sharafi, Nicholas McKay, Tyler Santander, Westley Weimer",https://doi.org/10.1145/3368089.3409681,yes,,,,,,,
Proceedings of the 31st ACM Joint European Software Engineering Conference and Symposium on the Foundations of Software Engineering,ESEC/FSE,ZhimingC_2023_DiagConfig,2023,DiagConfig: Configuration Diagnosis of Performance Violations in Configurable Software Systems,"Zhiming Chen, Pengfei Chen, Peipei Wang, Guangba Yu, Zilong He, Genting Mai",https://doi.org/10.1145/3611643.3616300,no,no,no,,,,,
Proceedings of the 29th ACM Joint Meeting on European Software Engineering Conference and Symposium on the Foundations of Software Engineering,ESEC/FSE,"ShuLin,N_2021_Generating",2021,Generating Efficient Solvers from Constraint Models,"Shu Lin, Na Meng, Wenxin Li",https://doi.org/10.1145/3468264.3468566,no,no,no,,,,,
Proceedings of the 31st ACM Joint European Software Engineering Conference and Symposium on the Foundations of Software Engineering,ESEC/FSE,YuxuanWa_2023_BiasAsker,2023,BiasAsker: Measuring the Bias in Conversational AI System,"Yuxuan Wan, Wenxuan Wang, Pinjia He, Jiazhen Gu, Haonan Bai, Michael R. Lyu",https://doi.org/10.1145/3611643.3616310,no,no,no,,,,,
Proceedings of the 31st ACM Joint European Software Engineering Conference and Symposium on the Foundations of Software Engineering,ESEC/FSE,YibiaoYa_2023_Heterogeneous,2023,Heterogeneous Testing for Coverage Profilers Empowered with Debugging Support,"Yibiao Yang, Maolin Sun, Yang Wang, Qingyang Li, Ming Wen, Yuming Zhou",https://doi.org/10.1145/3611643.3616340,no,no,no,,,,,
Proceedings of the 31st ACM Joint European Software Engineering Conference and Symposium on the Foundations of Software Engineering,ESEC/FSE,VaibhavG_2023_Detection,2023,Detection Is Better Than Cure: A Cloud Incidents Perspective,"Vaibhav Ganatra, Anjaly Parayil, Supriyo Ghosh, Yu Kang, Minghua Ma, Chetan Bansal, Suman Nath, Jonathan Mace",https://doi.org/10.1145/3611643.3613898,no,no,no,,,,,
Proceedings of the 2013 9th Joint Meeting on Foundations of Software Engineering,FSE,CuD.Nguy_2013_Automated,2013,Automated Oracles: An Empirical Study on Cost and Effectiveness,"Cu D. Nguyen, Alessandro Marchetto, Paolo Tonella",https://doi.org/10.1145/2491411.2491434,yes,,,,,,,
Proceedings of the 2019 27th ACM Joint Meeting on European Software Engineering Conference and Symposium on the Foundations of Software Engineering,ESEC/FSE,Sooyoung_2019_Concolic,2019,Concolic Testing with Adaptively Changing Search Heuristics,"Sooyoung Cha, Hakjoo Oh",https://doi.org/10.1145/3338906.3338964,no,no,no,,,,,
Proceedings of the 31st ACM Joint European Software Engineering Conference and Symposium on the Foundations of Software Engineering,ESEC/FSE,Chia-YiS_2023_A,2023,A Language Model of Java Methods with Train/Test Deduplication,"Chia-Yi Su, Aakash Bansal, Vijayanta Jain, Sepideh Ghanavati, Collin McMillan",https://doi.org/10.1145/3611643.3613090,no,no,no,,,,,
Proceedings of the 28th ACM Joint Meeting on European Software Engineering Conference and Symposium on the Foundations of Software Engineering,ESEC/FSE,"YeLiu,Yi_2020_Towards",2020,Towards Automated Verification of Smart Contract Fairness,"Ye Liu, Yi Li, Shang-Wei Lin, Rong Zhao",https://doi.org/10.1145/3368089.3409740,yes,,,,,,,
Proceedings of the 28th ACM Joint Meeting on European Software Engineering Conference and Symposium on the Foundations of Software Engineering,ESEC/FSE,Rongchen_2020_Interval,2020,Interval Counterexamples for Loop Invariant Learning,"Rongchen Xu, Fei He, Bow-Yaw Wang",https://doi.org/10.1145/3368089.3409752,no,no,no,,,,,
Proceedings of the 2019 27th ACM Joint Meeting on European Software Engineering Conference and Symposium on the Foundations of Software Engineering,ESEC/FSE,GuyBaras_2019_Bridging,2019,Bridging the Gap between ML Solutions and Their Business Requirements Using Feature Interactions,"Guy Barash, Eitan Farchi, Ilan Jayaraman, Orna Raz, Rachel Tzoref-Brill, Marcel Zalmanovici",https://doi.org/10.1145/3338906.3340442,no,no,no,,,,,
Proceedings of the 29th ACM Joint Meeting on European Software Engineering Conference and Symposium on the Foundations of Software Engineering,ESEC/FSE,QianZhan_2021_HeteroFuzz,2021,HeteroFuzz: Fuzz Testing to Detect Platform Dependent Divergence for Heterogeneous Applications,"Qian Zhang, Jiyuan Wang, Miryung Kim",https://doi.org/10.1145/3468264.3468610,no,no,no,,,,,
Proceedings of the 2019 27th ACM Joint Meeting on European Software Engineering Conference and Symposium on the Foundations of Software Engineering,ESEC/FSE,Zhenpeng_2019_SEntiMoji,2019,SEntiMoji: An Emoji-Powered Learning Approach for Sentiment Analysis in Software Engineering,"Zhenpeng Chen, Yanbin Cao, Xuan Lu, Qiaozhu Mei, Xuanzhe Liu",https://doi.org/10.1145/3338906.3338977,no,no,no,,,,,
Proceedings of the 2016 24th ACM SIGSOFT International Symposium on Foundations of Software Engineering,FSE,Mahintha_2016_BinGo,2016,BinGo: Cross-Architecture Cross-OS Binary Search,"Mahinthan Chandramohan, Yinxing Xue, Zhengzi Xu, Yang Liu, Chia Yuan Cho, Hee Beng Kuan Tan",https://doi.org/10.1145/2950290.2950350,no,no,no,,,,,
Proceedings of the 29th ACM Joint Meeting on European Software Engineering Conference and Symposium on the Foundations of Software Engineering,ESEC/FSE,NesaraDi_2021_A,2021,A Grounded Theory of the Role of Coordination in Software Security Patch Management,"Nesara Dissanayake, Mansooreh Zahedi, Asangi Jayatilaka, Muhammad Ali Babar",https://doi.org/10.1145/3468264.3468595,no,no,no,,,,,
Proceedings of the 28th ACM Joint Meeting on European Software Engineering Conference and Symposium on the Foundations of Software Engineering,ESEC/FSE,JiaweiWa_2020_Exploring,2020,Exploring How Deprecated Python Library APIs Are (Not) Handled,"Jiawei Wang, Li Li, Kui Liu, Haipeng Cai",https://doi.org/10.1145/3368089.3409735,no,no,no,,,,,
Proceedings of the 30th ACM Joint European Software Engineering Conference and Symposium on the Foundations of Software Engineering,ESEC/FSE,YucenShi_2022_How,2022,How to Better Utilize Code Graphs in Semantic Code Search?,"Yucen Shi, Ying Yin, Zhengkui Wang, David Lo, Tao Zhang, Xin Xia, Yuhai Zhao, Bowen Xu",https://doi.org/10.1145/3540250.3549087,no,no,no,,,,,
Proceedings of the 2016 24th ACM SIGSOFT International Symposium on Foundations of Software Engineering,FSE,ShaliniK_2016_Semi-Supervised,2016,Semi-Supervised Verified Feedback Generation,"Shalini Kaleeswaran, Anirudh Santhiar, Aditya Kanade, Sumit Gulwani",https://doi.org/10.1145/2950290.2950363,no,no,no,,,,,
Proceedings of the 19th ACM SIGSOFT Symposium and the 13th European Conference on Foundations of Software Engineering,FSE,FrancisP_2011_Using,2011,Using an SMT Solver for Interactive Requirements Prioritization,"Francis Palma, Angelo Susi, Paolo Tonella",https://doi.org/10.1145/2025113.2025124,no,no,no,,,,,
Proceedings of the 30th ACM Joint European Software Engineering Conference and Symposium on the Foundations of Software Engineering,ESEC/FSE,QinghuaX_2022_Uncertainty-Aware,2022,Uncertainty-Aware Transfer Learning to Evolve Digital Twins for Industrial Elevators,"Qinghua Xu, Shaukat Ali, Tao Yue, Maite Arratibel",https://doi.org/10.1145/3540250.3558957,no,no,no,,,,,
Proceedings of the 2019 27th ACM Joint Meeting on European Software Engineering Conference and Symposium on the Foundations of Software Engineering,ESEC/FSE,LucianoB_2019_Symbolic,2019,Symbolic Execution-Driven Extraction of the Parallel Execution Plans of Spark Applications,"Luciano Baresi, Giovanni Denaro, Giovanni Quattrocchi",https://doi.org/10.1145/3338906.3338973,no,no,no,,,,,
Proceedings of the 2019 27th ACM Joint Meeting on European Software Engineering Conference and Symposium on the Foundations of Software Engineering,ESEC/FSE,NghiD.Q._2019_SAR,2019,SAR: Learning Cross-Language API Mappings with Little Knowledge,"Nghi D. Q. Bui, Yijun Yu, Lingxiao Jiang",https://doi.org/10.1145/3338906.3338924,no,no,no,,,,,
Proceedings of the 2017 11th Joint Meeting on Foundations of Software Engineering,FSE,"FanLong,_2017_Automatic",2017,Automatic Inference of Code Transforms for Patch Generation,"Fan Long, Peter Amidon, Martin Rinard",https://doi.org/10.1145/3106237.3106253,no,no,no,,,,,
Proceedings of the 31st ACM Joint European Software Engineering Conference and Symposium on the Foundations of Software Engineering,ESEC/FSE,"TungDao,_2023_Triggering",2023,Triggering Modes in Spectrum-Based Multi-Location Fault Localization,"Tung Dao, Na Meng, ThanhVu Nguyen",https://doi.org/10.1145/3611643.3613884,no,no,no,,,,,
Proceedings of the 2019 27th ACM Joint Meeting on European Software Engineering Conference and Symposium on the Foundations of Software Engineering,ESEC/FSE,RohanBav_2019_Phoenix,2019,Phoenix: Automated Data-Driven Synthesis of Repairs for Static Analysis Violations,"Rohan Bavishi, Hiroaki Yoshida, Mukul R. Prasad",https://doi.org/10.1145/3338906.3338952,no,no,no,,,,,
Proceedings of the ACM SIGSOFT 20th International Symposium on the Foundations of Software Engineering,FSE,SangminP_2012_CarFast,2012,CarFast: Achieving Higher Statement Coverage Faster,"Sangmin Park, B. M. Mainul Hossain, Ishtiaque Hussain, Christoph Csallner, Mark Grechanik, Kunal Taneja, Chen Fu, Qing Xie",https://doi.org/10.1145/2393596.2393636,no,no,no,,,,,
Proceedings of the 2015 10th Joint Meeting on Foundations of Software Engineering,FSE,Tien-Duy_2015_Information,2015,Information Retrieval and Spectrum Based Bug Localization: Better Together,"Tien-Duy B. Le, Richard J. Oentaryo, David Lo",https://doi.org/10.1145/2786805.2786880,no,no,no,,,,,
Proceedings of the 2016 24th ACM SIGSOFT International Symposium on Foundations of Software Engineering,FSE,ThanhVuN_2016_IGen,2016,IGen: Dynamic Interaction Inference for Configurable Software,"ThanhVu Nguyen, Ugur Koc, Javran Cheng, Jeffrey S. Foster, Adam A. Porter",https://doi.org/10.1145/2950290.2950311,no,no,no,,,,,
Proceedings of the 2018 26th ACM Joint Meeting on European Software Engineering Conference and Symposium on the Foundations of Software Engineering,ESEC/FSE,"JianGao,_2018_VulSeeker-pro",2018,VulSeeker-pro: Enhanced Semantic Learning Based Binary Vulnerability Seeker with Emulation,"Jian Gao, Xin Yang, Ying Fu, Yu Jiang, Heyuan Shi, Jiaguang Sun",https://doi.org/10.1145/3236024.3275524,no,no,no,,,,,
Proceedings of the 30th ACM Joint European Software Engineering Conference and Symposium on the Foundations of Software Engineering,ESEC/FSE,ShilinHe_2022_An,2022,An Empirical Study of Log Analysis at Microsoft,"Shilin He, Xu Zhang, Pinjia He, Yong Xu, Liqun Li, Yu Kang, Minghua Ma, Yining Wei, Yingnong Dang, Saravanakumar Rajmohan, Qingwei Lin",https://doi.org/10.1145/3540250.3558963,no,no,no,,,,,
Proceedings of the 2018 26th ACM Joint Meeting on European Software Engineering Conference and Symposium on the Foundations of Software Engineering,ESEC/FSE,GangZhao_2018_DeepSim,2018,DeepSim: Deep Learning Code Functional Similarity,"Gang Zhao, Jeff Huang",https://doi.org/10.1145/3236024.3236068,no,no,no,,,,,
Proceedings of the 2013 9th Joint Meeting on Foundations of Software Engineering,FSE,OmerTrip_2013_Tightfit,2013,Tightfit: Adaptive Parallelization with Foresight,"Omer Tripp, Noam Rinetzky",https://doi.org/10.1145/2491411.2491443,no,no,no,,,,,
Proceedings of the 28th ACM Joint Meeting on European Software Engineering Conference and Symposium on the Foundations of Software Engineering,ESEC/FSE,YanjieGa_2020_Estimating,2020,Estimating GPU Memory Consumption of Deep Learning Models,"Yanjie Gao, Yu Liu, Hongyu Zhang, Zhengxian Li, Yonghao Zhu, Haoxiang Lin, Mao Yang",https://doi.org/10.1145/3368089.3417050,no,no,no,,,,,
Proceedings of the 30th ACM Joint European Software Engineering Conference and Symposium on the Foundations of Software Engineering,ESEC/FSE,"YingFu,M_2022_Investigating",2022,Investigating and Improving Log Parsing in Practice,"Ying Fu, Meng Yan, Jian Xu, Jianguo Li, Zhongxin Liu, Xiaohong Zhang, Dan Yang",https://doi.org/10.1145/3540250.3558947,no,no,no,,,,,
Proceedings of the 30th ACM Joint European Software Engineering Conference and Symposium on the Foundations of Software Engineering,ESEC/FSE,LipingHa_2022_Are,2022,Are Elevator Software Robust against Uncertainties? Results and Experiences from an Industrial Case Study,"Liping Han, Tao Yue, Shaukat Ali, Aitor Arrieta, Maite Arratibel",https://doi.org/10.1145/3540250.3558955,no,no,no,,,,,
Proceedings of the 28th ACM Joint Meeting on European Software Engineering Conference and Symposium on the Foundations of Software Engineering,ESEC/FSE,YujunChe_2020_Identifying,2020,Identifying Linked Incidents in Large-Scale Online Service Systems,"Yujun Chen, Xian Yang, Hang Dong, Xiaoting He, Hongyu Zhang, Qingwei Lin, Junjie Chen, Pu Zhao, Yu Kang, Feng Gao, Zhangwei Xu, Dongmei Zhang",https://doi.org/10.1145/3368089.3409768,no,no,no,,,,,
Proceedings of the 29th ACM Joint Meeting on European Software Engineering Conference and Symposium on the Foundations of Software Engineering,ESEC/FSE,"YangHu,W_2021_ACHyb",2021,ACHyb: A Hybrid Analysis Approach to Detect Kernel Access Control Vulnerabilities,"Yang Hu, Wenxi Wang, Casen Hunger, Riley Wood, Sarfraz Khurshid, Mohit Tiwari",https://doi.org/10.1145/3468264.3468627,no,no,no,,,,,
Proceedings of the 2017 11th Joint Meeting on Foundations of Software Engineering,FSE,CalvinSm_2017_Discovering,2017,Discovering Relational Specifications,"Calvin Smith, Gabriel Ferns, Aws Albarghouthi",https://doi.org/10.1145/3106237.3106279,no,no,no,,,,,
Proceedings of the 22nd ACM SIGSOFT International Symposium on Foundations of Software Engineering,FSE,AnnieT.T_2014_Selection,2014,Selection and Presentation Practices for Code Example Summarization,"Annie T. T. Ying, Martin P. Robillard",https://doi.org/10.1145/2635868.2635877,no,no,no,,,,,
Proceedings of the 30th ACM Joint European Software Engineering Conference and Symposium on the Foundations of Software Engineering,ESEC/FSE,LingweiL_2022_AUGER,2022,AUGER: Automatically Generating Review Comments with Pre-Training Models,"Lingwei Li, Li Yang, Huaxi Jiang, Jun Yan, Tiejian Luo, Zihan Hua, Geng Liang, Chun Zuo",https://doi.org/10.1145/3540250.3549099,no,no,no,,,,,
Proceedings of the 30th ACM Joint European Software Engineering Conference and Symposium on the Foundations of Software Engineering,ESEC/FSE,"YiLi,Sha_2022_UTANGO",2022,"UTANGO: Untangling Commits with Context-Aware, Graph-Based, Code Change Clustering Learning Model","Yi Li, Shaohua Wang, Tien N. Nguyen",https://doi.org/10.1145/3540250.3549171,no,no,no,,,,,
Proceedings of the 31st ACM Joint European Software Engineering Conference and Symposium on the Foundations of Software Engineering,ESEC/FSE,YuetianM_2023_Self-Supervised,2023,Self-Supervised Query Reformulation for Code Search,"Yuetian Mao, Chengcheng Wan, Yuze Jiang, Xiaodong Gu",https://doi.org/10.1145/3611643.3616306,no,no,no,,,,,
Proceedings of the 28th ACM Joint Meeting on European Software Engineering Conference and Symposium on the Foundations of Software Engineering,ESEC/FSE,EduardBa_2020_Baital,2020,Baital: An Adaptive Weighted Sampling Approach for Improved t-Wise Coverage,"Eduard Baranov, Axel Legay, Kuldeep S. Meel",https://doi.org/10.1145/3368089.3409744,no,no,no,,,,,
Proceedings of the 28th ACM Joint Meeting on European Software Engineering Conference and Symposium on the Foundations of Software Engineering,ESEC/FSE,Vincenzo_2020_Model-Based,2020,Model-Based Exploration of the Frontier of Behaviours for Deep Learning System Testing,"Vincenzo Riccio, Paolo Tonella",https://doi.org/10.1145/3368089.3409730,yes,,,,,,,
Proceedings of the ACM SIGSOFT 20th International Symposium on the Foundations of Software Engineering,FSE,EmersonM_2012_Improving,2012,Improving Software Developers' Fluency by Recommending Development Environment Commands,"Emerson Murphy-Hill, Rahul Jiresal, Gail C. Murphy",https://doi.org/10.1145/2393596.2393645,no,no,no,,,,,
Proceedings of the 2018 26th ACM Joint Meeting on European Software Engineering Conference and Symposium on the Foundations of Software Engineering,ESEC/FSE,"DiChen,W_2018_Applications",2018,Applications of Psychological Science for Actionable Analytics,"Di Chen, Wei Fu, Rahul Krishna, Tim Menzies",https://doi.org/10.1145/3236024.3236050,no,no,no,,,,,
Proceedings of the 28th ACM Joint Meeting on European Software Engineering Conference and Symposium on the Foundations of Software Engineering,ESEC/FSE,MarceloS_2020_ARCADE,2020,"ARCADE: An Extensible Workbench for Architecture Recovery, Change, and Decay Evaluation","Marcelo Schmitt Laser, Nenad Medvidovic, Duc Minh Le, Joshua Garcia",https://doi.org/10.1145/3368089.3417941,no,no,no,,,,,
Proceedings of the 2018 26th ACM Joint Meeting on European Software Engineering Conference and Symposium on the Foundations of Software Engineering,ESEC/FSE,AndrewWo_2018_Detecting,2018,Detecting Speech Act Types in Developer Question/Answer Conversations during Bug Repair,"Andrew Wood, Paige Rodeghero, Ameer Armaly, Collin McMillan",https://doi.org/10.1145/3236024.3236031,no,no,no,,,,,
Proceedings of the 31st ACM Joint European Software Engineering Conference and Symposium on the Foundations of Software Engineering,ESEC/FSE,ShriramS_2023_DENT,2023,DENT: A Tool for Tagging Stack Overflow Posts with Deep Learning Energy Patterns,"Shriram Shanbhag, Sridhar Chimalakonda, Vibhu Saujanya Sharma, Vikrant Kaulgud",https://doi.org/10.1145/3611643.3613092,no,no,no,,,,,
Proceedings of the 29th ACM Joint Meeting on European Software Engineering Conference and Symposium on the Foundations of Software Engineering,ESEC/FSE,Hrishike_2021_Sangrahaka,2021,Sangrahaka: A Tool for Annotating and Querying Knowledge Graphs,"Hrishikesh Terdalkar, Arnab Bhattacharya",https://doi.org/10.1145/3468264.3473113,no,no,no,,,,,
Proceedings of the 2017 11th Joint Meeting on Foundations of Software Engineering,FSE,Xuan-Bac_2017_S3,2017,S3: Syntax- and Semantic-Guided Repair Synthesis via Programming by Examples,"Xuan-Bach D. Le, Duc-Hiep Chu, David Lo, Claire Le Goues, Willem Visser",https://doi.org/10.1145/3106237.3106309,no,no,no,,,,,
Proceedings of the 29th ACM Joint Meeting on European Software Engineering Conference and Symposium on the Foundations of Software Engineering,ESEC/FSE,JiamingY_2021_An,2021,An Empirical Study of GUI Widget Detection for Industrial Mobile Games,"Jiaming Ye, Ke Chen, Xiaofei Xie, Lei Ma, Ruochen Huang, Yingfeng Chen, Yinxing Xue, Jianjun Zhao",https://doi.org/10.1145/3468264.3473935,no,no,no,,,,,
Proceedings of the 22nd ACM SIGSOFT International Symposium on Foundations of Software Engineering,FSE,Miltiadi_2014_Learning,2014,Learning Natural Coding Conventions,"Miltiadis Allamanis, Earl T. Barr, Christian Bird, Charles Sutton",https://doi.org/10.1145/2635868.2635883,no,no,no,,,,,
Proceedings of the 30th ACM Joint European Software Engineering Conference and Symposium on the Foundations of Software Engineering,ESEC/FSE,NathanCa_2022_Sentiment,2022,Sentiment in Software Engineering: Detection and Application,Nathan Cassee,https://doi.org/10.1145/3540250.3558908,no,no,no,,,,,
Proceedings of the 28th ACM Joint Meeting on European Software Engineering Conference and Symposium on the Foundations of Software Engineering,ESEC/FSE,MulongXi_2020_UIED,2020,UIED: A Hybrid Tool for GUI Element Detection,"Mulong Xie, Sidong Feng, Zhenchang Xing, Jieshan Chen, Chunyang Chen",https://doi.org/10.1145/3368089.3417940,no,no,no,,,,,
Proceedings of the 2018 26th ACM Joint Meeting on European Software Engineering Conference and Symposium on the Foundations of Software Engineering,ESEC/FSE,YuanHuan_2018_Salient-Class,2018,Salient-Class Location: Help Developers Understand Code Change in Code Review,"Yuan Huang, Nan Jia, Xiangping Chen, Kai Hong, Zibin Zheng",https://doi.org/10.1145/3236024.3264841,no,no,no,,,,,
Proceedings of the 29th ACM Joint Meeting on European Software Engineering Conference and Symposium on the Foundations of Software Engineering,ESEC/FSE,JiratPas_2021_Investigating,2021,Investigating Documented Information for Accurate Effort Estimation in Agile Software Development,Jirat Pasuksmit,https://doi.org/10.1145/3468264.3473106,no,no,no,,,,,
Proceedings of the 30th ACM Joint European Software Engineering Conference and Symposium on the Foundations of Software Engineering,ESEC/FSE,"MulongXi_2022_Psychologically-Inspired,",2022,"Psychologically-Inspired, Unsupervised Inference of Perceptual Groups of GUI Widgets from GUI Images","Mulong Xie, Zhenchang Xing, Sidong Feng, Xiwei Xu, Liming Zhu, Chunyang Chen",https://doi.org/10.1145/3540250.3549138,no,no,no,,,,,
Proceedings of the 2016 24th ACM SIGSOFT International Symposium on Foundations of Software Engineering,FSE,Fang-Hsi_2016_Code,2016,Code Relatives: Detecting Similarly Behaving Software,"Fang-Hsiang Su, Jonathan Bell, Kenneth Harvey, Simha Sethumadhavan, Gail Kaiser, Tony Jebara",https://doi.org/10.1145/2950290.2950321,no,no,no,,,,,
Proceedings of the 2016 24th ACM SIGSOFT International Symposium on Foundations of Software Engineering,FSE,AndreaDi_2016_What,2016,What Would Users Change in My App? Summarizing App Reviews for Recommending Software Changes,"Andrea Di Sorbo, Sebastiano Panichella, Carol V. Alexandru, Junji Shimagaki, Corrado A. Visaggio, Gerardo Canfora, Harald C. Gall",https://doi.org/10.1145/2950290.2950299,no,no,no,,,,,
Proceedings of the 2018 26th ACM Joint Meeting on European Software Engineering Conference and Symposium on the Foundations of Software Engineering,ESEC/FSE,MichailB_2018_Darwinian,2018,Darwinian Data Structure Selection,"Michail Basios, Lingbo Li, Fan Wu, Leslie Kanthan, Earl T. Barr",https://doi.org/10.1145/3236024.3236043,no,no,no,,,,,
Proceedings of the 31st ACM Joint European Software Engineering Conference and Symposium on the Foundations of Software Engineering,ESEC/FSE,XiaoyuLi_2023_AdaptivePaste,2023,AdaptivePaste: Intelligent Copy-Paste in IDE,"Xiaoyu Liu, Jinu Jang, Neel Sundaresan, Miltiadis Allamanis, Alexey Svyatkovskiy",https://doi.org/10.1145/3611643.3613895,no,no,no,,,,,
Proceedings of the 2015 10th Joint Meeting on Foundations of Software Engineering,FSE,Malavika_2015_Synthesizing,2015,Synthesizing Tests for Detecting Atomicity Violations,"Malavika Samak, Murali Krishna Ramanathan",https://doi.org/10.1145/2786805.2786874,no,no,no,,,,,
Proceedings of the 28th ACM Joint Meeting on European Software Engineering Conference and Symposium on the Foundations of Software Engineering,ESEC/FSE,ClaudioM_2020_Testing,2020,Testing Self-Adaptive Software with Probabilistic Guarantees on Performance Metrics,"Claudio Mandrioli, Martina Maggio",https://doi.org/10.1145/3368089.3409685,no,no,no,,,,,
Proceedings of the 31st ACM Joint European Software Engineering Conference and Symposium on the Foundations of Software Engineering,ESEC/FSE,ZhiweiXu_2023_XASTNN,2023,XASTNN: Improved Code Representations for Industrial Practice,"Zhiwei Xu, Min Zhou, Xibin Zhao, Yang Chen, Xi Cheng, Hongyu Zhang",https://doi.org/10.1145/3611643.3613869,no,no,no,,,,,
Proceedings of the 2015 10th Joint Meeting on Foundations of Software Engineering,FSE,Miltiadi_2015_Suggesting,2015,Suggesting Accurate Method and Class Names,"Miltiadis Allamanis, Earl T. Barr, Christian Bird, Charles Sutton",https://doi.org/10.1145/2786805.2786849,no,no,no,,,,,
Proceedings of the 30th ACM Joint European Software Engineering Conference and Symposium on the Foundations of Software Engineering,ESEC/FSE,Xiaolian_2022_Blackbox,2022,Blackbox Adversarial Attacks and Explanations for Automatic Speech Recognition,Xiaoliang Wu,https://doi.org/10.1145/3540250.3558906,no,no,no,,,,,
Proceedings of the 28th ACM Joint Meeting on European Software Engineering Conference and Symposium on the Foundations of Software Engineering,ESEC/FSE,"ZanWang,_2020_Deep",2020,Deep Learning Library Testing via Effective Model Generation,"Zan Wang, Ming Yan, Junjie Chen, Shuang Liu, Dongdi Zhang",https://doi.org/10.1145/3368089.3409761,yes,,,,,,,
Proceedings of the 2017 11th Joint Meeting on Foundations of Software Engineering,FSE,LorisD'A_2017_NoFAQ,2017,NoFAQ: Synthesizing Command Repairs from Examples,"Loris D'Antoni, Rishabh Singh, Michael Vaughn",https://doi.org/10.1145/3106237.3106241,no,no,no,,,,,
Proceedings of the 28th ACM Joint Meeting on European Software Engineering Conference and Symposium on the Foundations of Software Engineering,ESEC/FSE,FuyuanZh_2020_DeepSearch,2020,DeepSearch: A Simple and Effective Blackbox Attack for Deep Neural Networks,"Fuyuan Zhang, Sankalan Pal Chowdhury, Maria Christakis",https://doi.org/10.1145/3368089.3409750,no,no,no,,,,,
Proceedings of the 28th ACM Joint Meeting on European Software Engineering Conference and Symposium on the Foundations of Software Engineering,ESEC/FSE,TamNguye_2020_Code,2020,Code Recommendation for Exception Handling,"Tam Nguyen, Phong Vu, Tung Nguyen",https://doi.org/10.1145/3368089.3409690,no,no,no,,,,,
Proceedings of the 2013 9th Joint Meeting on Foundations of Software Engineering,FSE,Chengnia_2013_Mining,2013,Mining Succinct Predicated Bug Signatures,"Chengnian Sun, Siau-Cheng Khoo",https://doi.org/10.1145/2491411.2491449,no,no,no,,,,,
Proceedings of the 29th ACM Joint Meeting on European Software Engineering Conference and Symposium on the Foundations of Software Engineering,ESEC/FSE,ForoughM_2021_Data-Driven,2021,Data-Driven Accessibility Repair Revisited: On the Effectiveness of Generating Labels for Icons in Android Apps,"Forough Mehralian, Navid Salehnamadi, Sam Malek",https://doi.org/10.1145/3468264.3468604,no,no,no,,,,,
Proceedings of the 30th ACM Joint European Software Engineering Conference and Symposium on the Foundations of Software Engineering,ESEC/FSE,MoayadAl_2022_Hierarchical,2022,Hierarchical Bayesian Multi-Kernel Learning for Integrated Classification and Summarization of App Reviews,"Moayad Alshangiti, Weishi Shi, Eduardo Lima, Xumin Liu, Qi Yu",https://doi.org/10.1145/3540250.3549174,no,no,no,,,,,
Proceedings of the 2015 10th Joint Meeting on Foundations of Software Engineering,FSE,LauraMor_2015_Query-Based,2015,Query-Based Configuration of Text Retrieval Solutions for Software Engineering Tasks,"Laura Moreno, Gabriele Bavota, Sonia Haiduc, Massimiliano Di Penta, Rocco Oliveto, Barbara Russo, Andrian Marcus",https://doi.org/10.1145/2786805.2786859,no,no,no,,,,,
Proceedings of the 2018 26th ACM Joint Meeting on European Software Engineering Conference and Symposium on the Foundations of Software Engineering,ESEC/FSE,VincentJ_2018_On,2018,On the Naturalness of Proofs,"Vincent J. Hellendoorn, Premkumar T. Devanbu, Mohammad Amin Alipour",https://doi.org/10.1145/3236024.3264832,no,no,no,,,,,
Proceedings of the 29th ACM Joint Meeting on European Software Engineering Conference and Symposium on the Foundations of Software Engineering,ESEC/FSE,Johannes_2021_When,2021,When Life Gives You Oranges: Detecting and Diagnosing Intermittent Job Failures at Mozilla,"Johannes Lampel, Sascha Just, Sven Apel, Andreas Zeller",https://doi.org/10.1145/3468264.3473931,no,no,no,,,,,
Proceedings of the 2018 26th ACM Joint Meeting on European Software Engineering Conference and Symposium on the Foundations of Software Engineering,ESEC/FSE,Mohammad_2018_Improving,2018,Improving IR-Based Bug Localization with Context-Aware Query Reformulation,"Mohammad Masudur Rahman, Chanchal K. Roy",https://doi.org/10.1145/3236024.3236065,no,no,no,,,,,
Proceedings of the 29th ACM Joint Meeting on European Software Engineering Conference and Symposium on the Foundations of Software Engineering,ESEC/FSE,Songqian_2021_Validation,2021,Validation on Machine Reading Comprehension Software without Annotated Labels: A Property-Based Method,"Songqiang Chen, Shuo Jin, Xiaoyuan Xie",https://doi.org/10.1145/3468264.3468569,no,no,no,,,,,
Proceedings of the 31st ACM Joint European Software Engineering Conference and Symposium on the Foundations of Software Engineering,ESEC/FSE,YiningYi_2023_Dynamic,2023,Dynamic Data Fault Localization for Deep Neural Networks,"Yining Yin, Yang Feng, Shihao Weng, Zixi Liu, Yuan Yao, Yichi Zhang, Zhihong Zhao, Zhenyu Chen",https://doi.org/10.1145/3611643.3616345,no,no,yes,oracle,verification&correction,"efficiency, effectiveness","ROC/AUC, accuracy",
Proceedings of the 31st ACM Joint European Software Engineering Conference and Symposium on the Foundations of Software Engineering,ESEC/FSE,Longtian_2023_DistXplore,2023,DistXplore: Distribution-Guided Testing for Evaluating and Enhancing Deep Learning Systems,"Longtian Wang, Xiaofei Xie, Xiaoning Du, Meng Tian, Qing Guo, Zheng Yang, Chao Shen",https://doi.org/10.1145/3611643.3616266,no,no,no,,,,,
Proceedings of the 31st ACM Joint European Software Engineering Conference and Symposium on the Foundations of Software Engineering,ESEC/FSE,MingweiL_2023_Recommending,2023,Recommending Analogical APIs via Knowledge Graph Embedding,"Mingwei Liu, Yanjun Yang, Yiling Lou, Xin Peng, Zhong Zhou, Xueying Du, Tianyong Yang",https://doi.org/10.1145/3611643.3616305,no,no,no,,,,,
Proceedings of the 30th ACM Joint European Software Engineering Conference and Symposium on the Foundations of Software Engineering,ESEC/FSE,MariaChr_2022_Input,2022,Input Splitting for Cloud-Based Static Application Security Testing Platforms,"Maria Christakis, Thomas Cottenier, Antonio Filieri, Linghui Luo, Muhammad Numair Mansur, Lee Pike, Nicol\'{a}s Rosner, Martin Sch\""{a}f, Aritra Sengupta, Willem Visser",https://doi.org/10.1145/3540250.3558944,no,no,no,,,,,
Proceedings of the 30th ACM Joint European Software Engineering Conference and Symposium on the Foundations of Software Engineering,ESEC/FSE,ChunqiuS_2022_Less,2022,"Less Training, More Repairing Please: Revisiting Automated Program Repair via Zero-Shot Learning","Chunqiu Steven Xia, Lingming Zhang",https://doi.org/10.1145/3540250.3549101,no,no,no,,,,,
Proceedings of the 28th ACM Joint Meeting on European Software Engineering Conference and Symposium on the Foundations of Software Engineering,ESEC/FSE,Zhenpeng_2020_A,2020,A Comprehensive Study on Challenges in Deploying Deep Learning Based Software,"Zhenpeng Chen, Yanbin Cao, Yuanqiang Liu, Haoyu Wang, Tao Xie, Xuanzhe Liu",https://doi.org/10.1145/3368089.3409759,yes,,,,,,,
Proceedings of the 2019 27th ACM Joint Meeting on European Software Engineering Conference and Symposium on the Foundations of Software Engineering,ESEC/FSE,MoritzEc_2019_Understanding,2019,Understanding Flaky Tests: The Developer’s Perspective,"Moritz Eck, Fabio Palomba, Marco Castelluccio, Alberto Bacchelli",https://doi.org/10.1145/3338906.3338945,no,no,no,,,,,
Proceedings of the 2013 9th Joint Meeting on Foundations of Software Engineering,FSE,Guillaum_2013_Bayesian,2013,Bayesian Inference Using Data Flow Analysis,"Guillaume Claret, Sriram K. Rajamani, Aditya V. Nori, Andrew D. Gordon, Johannes Borgstr\""{o}m",https://doi.org/10.1145/2491411.2491423,no,no,no,,,,,
Proceedings of the 2019 27th ACM Joint Meeting on European Software Engineering Conference and Symposium on the Foundations of Software Engineering,ESEC/FSE,ChandraM_2019_Predicting,2019,Predicting Pull Request Completion Time: A Case Study on Large Scale Cloud Services,"Chandra Maddila, Chetan Bansal, Nachiappan Nagappan",https://doi.org/10.1145/3338906.3340457,no,no,no,,,,,
Proceedings of the 2019 27th ACM Joint Meeting on European Software Engineering Conference and Symposium on the Foundations of Software Engineering,ESEC/FSE,SumitAst_2019_WhoDo,2019,WhoDo: Automating Reviewer Suggestions at Scale,"Sumit Asthana, Rahul Kumar, Ranjita Bhagwan, Christian Bird, Chetan Bansal, Chandra Maddila, Sonu Mehta, B. Ashok",https://doi.org/10.1145/3338906.3340449,no,no,no,,,,,
Proceedings of the 28th ACM Joint Meeting on European Software Engineering Conference and Symposium on the Foundations of Software Engineering,ESEC/FSE,NorbertS_2020_Dimensions,2020,Dimensions of Software Configuration: On the Configuration Context in Modern Software Development,"Norbert Siegmund, Nicolai Ruckel, Janet Siegmund",https://doi.org/10.1145/3368089.3409675,no,no,no,,,,,
Proceedings of the 30th ACM Joint European Software Engineering Conference and Symposium on the Foundations of Software Engineering,ESEC/FSE,DanielRi_2022_Multi-Phase,2022,Multi-Phase Invariant Synthesis,"Daniel Riley, Grigory Fedyukovich",https://doi.org/10.1145/3540250.3549166,no,no,no,,,,,
Proceedings of the 2017 11th Joint Meeting on Foundations of Software Engineering,FSE,Diptikal_2017_Natural,2017,Natural Language Querying in SAP-ERP Platform,"Diptikalyan Saha, Neelamadhav Gantayat, Senthil Mani, Barry Mitchell",https://doi.org/10.1145/3106237.3117765,no,no,no,,,,,
Proceedings of the 31st ACM Joint European Software Engineering Conference and Symposium on the Foundations of Software Engineering,ESEC/FSE,Min-YihH_2023_A,2023,"A Highly Scalable, Hybrid, Cross-Platform Timing Analysis Framework Providing Accurate Differential Throughput Estimation via Instruction-Level Tracing","Min-Yih Hsu, Felicitas Hetzelt, David Gens, Michael Maitland, Michael Franz",https://doi.org/10.1145/3611643.3616246,no,no,no,,,,,
Proceedings of the 31st ACM Joint European Software Engineering Conference and Symposium on the Foundations of Software Engineering,ESEC/FSE,HsuMyatW_2023_Towards,2023,Towards Automated Detection of Unethical Behavior in Open-Source Software Projects,"Hsu Myat Win, Haibo Wang, Shin Hwei Tan",https://doi.org/10.1145/3611643.3616314,no,no,no,,,,,
Proceedings of the 22nd ACM SIGSOFT International Symposium on Foundations of Software Engineering,FSE,"YuLin,Co_2014_Retrofitting",2014,Retrofitting Concurrency for Android Applications through Refactoring,"Yu Lin, Cosmin Radoi, Danny Dig",https://doi.org/10.1145/2635868.2635903,no,no,no,,,,,
Proceedings of the 28th ACM Joint Meeting on European Software Engineering Conference and Symposium on the Foundations of Software Engineering,ESEC/FSE,SonalMah_2020_Recommending,2020,Recommending Stack Overflow Posts for Fixing Runtime Exceptions Using Failure Scenario Matching,"Sonal Mahajan, Negarsadat Abolhassani, Mukul R. Prasad",https://doi.org/10.1145/3368089.3409764,no,no,no,,,,,
Proceedings of the 30th ACM Joint European Software Engineering Conference and Symposium on the Foundations of Software Engineering,ESEC/FSE,ClayStev_2022_Parasol,2022,Parasol: Efficient Parallel Synthesis of Large Model Spaces,"Clay Stevens, Hamid Bagheri",https://doi.org/10.1145/3540250.3549157,no,no,no,,,,,
Proceedings of the 2017 11th Joint Meeting on Foundations of Software Engineering,FSE,VivekNai_2017_Using,2017,Using Bad Learners to Find Good Configurations,"Vivek Nair, Tim Menzies, Norbert Siegmund, Sven Apel",https://doi.org/10.1145/3106237.3106238,yes,,,,,,,
Proceedings of the 31st ACM Joint European Software Engineering Conference and Symposium on the Foundations of Software Engineering,ESEC/FSE,NimaKari_2023_Practical,2023,Practical Inference of Nullability Types,"Nima Karimipour, Justin Pham, Lazaro Clapp, Manu Sridharan",https://doi.org/10.1145/3611643.3616326,no,no,no,,,,,
Proceedings of the 2016 24th ACM SIGSOFT International Symposium on Foundations of Software Engineering,FSE,ShiyiWei_2016_Revamping,2016,Revamping JavaScript Static Analysis via Localization and Remediation of Root Causes of Imprecision,"Shiyi Wei, Omer Tripp, Barbara G. Ryder, Julian Dolby",https://doi.org/10.1145/2950290.2950338,no,no,no,,,,,
Proceedings of the 2019 27th ACM Joint Meeting on European Software Engineering Conference and Symposium on the Foundations of Software Engineering,ESEC/FSE,Xiaoning_2019_DeepStellar,2019,DeepStellar: Model-Based Quantitative Analysis of Stateful Deep Learning Systems,"Xiaoning Du, Xiaofei Xie, Yi Li, Lei Ma, Yang Liu, Jianjun Zhao",https://doi.org/10.1145/3338906.3338954,yes,,,,,,,
Proceedings of the 2013 9th Joint Meeting on Foundations of Software Engineering,FSE,Sugandha_2013_Improving,2013,Improving Trace Accuracy through Data-Driven Configuration and Composition of Tracing Features,"Sugandha Lohar, Sorawit Amornborvornwong, Andrea Zisman, Jane Cleland-Huang",https://doi.org/10.1145/2491411.2491432,no,no,no,,,,,
Proceedings of the 30th ACM Joint European Software Engineering Conference and Symposium on the Foundations of Software Engineering,ESEC/FSE,Lawrence_2022_Leveraging,2022,Leveraging Test Plan Quality to Improve Code Review Efficacy,"Lawrence Chen, Rui Abreu, Tobi Akomolede, Peter C. Rigby, Satish Chandra, Nachiappan Nagappan",https://doi.org/10.1145/3540250.3558952,no,no,no,,,,,
Proceedings of the 2013 9th Joint Meeting on Foundations of Software Engineering,FSE,Jean-Mar_2013_Feature,2013,Feature Model Extraction from Large Collections of Informal Product Descriptions,"Jean-Marc Davril, Edouard Delfosse, Negar Hariri, Mathieu Acher, Jane Cleland-Huang, Patrick Heymans",https://doi.org/10.1145/2491411.2491455,no,no,no,,,,,
Proceedings of the 29th ACM Joint Meeting on European Software Engineering Conference and Symposium on the Foundations of Software Engineering,ESEC/FSE,MiguelTe_2021_Duplicated,2021,Duplicated Code Pattern Mining in Visual Programming Languages,"Miguel Terra-Neves, Jo\~{a}o Nadkarni, Miguel Ventura, Pedro Resende, Hugo Veiga, Ant\'{o}nio Alegria",https://doi.org/10.1145/3468264.3473928,no,no,no,,,,,
Proceedings of the 31st ACM Joint European Software Engineering Conference and Symposium on the Foundations of Software Engineering,ESEC/FSE,WenhuaYa_2023_Understanding,2023,Understanding the Topics and Challenges of GPU Programming by Classifying and Analyzing Stack Overflow Posts,"Wenhua Yang, Chong Zhang, Minxue Pan",https://doi.org/10.1145/3611643.3616365,no,no,no,,,,,
Proceedings of the 29th ACM Joint Meeting on European Software Engineering Conference and Symposium on the Foundations of Software Engineering,ESEC/FSE,YuqiChen_2021_Code,2021,Code Integrity Attestation for PLCs Using Black Box Neural Network Predictions,"Yuqi Chen, Christopher M. Poskitt, Jun Sun",https://doi.org/10.1145/3468264.3468617,no,no,no,,,,,
Proceedings of the 22nd ACM SIGSOFT International Symposium on Foundations of Software Engineering,FSE,Chengnia_2014_Querying,2014,Querying Sequential Software Engineering Data,"Chengnian Sun, Haidong Zhang, Jian-Guang Lou, Hongyu Zhang, Qiang Wang, Dongmei Zhang, Siau-Cheng Khoo",https://doi.org/10.1145/2635868.2635902,no,no,no,,,,,
Proceedings of the 29th ACM Joint Meeting on European Software Engineering Conference and Symposium on the Foundations of Software Engineering,ESEC/FSE,"MingYan,_2021_Exposing",2021,Exposing Numerical Bugs in Deep Learning via Gradient Back-Propagation,"Ming Yan, Junjie Chen, Xiangyu Zhang, Lin Tan, Gan Wang, Zan Wang",https://doi.org/10.1145/3468264.3468612,no,no,no,,,,,
Proceedings of the 2019 27th ACM Joint Meeting on European Software Engineering Conference and Symposium on the Foundations of Software Engineering,ESEC/FSE,"SenHe,Gl_2019_A",2019,A Statistics-Based Performance Testing Methodology for Cloud Applications,"Sen He, Glenna Manns, John Saunders, Wei Wang, Lori Pollock, Mary Lou Soffa",https://doi.org/10.1145/3338906.3338912,no,no,no,,,,,
Proceedings of the 30th ACM Joint European Software Engineering Conference and Symposium on the Foundations of Software Engineering,ESEC/FSE,QianhuaS_2022_Using,2022,Using Nudges to Accelerate Code Reviews at Scale,"Qianhua Shan, David Sukhdeo, Qianying Huang, Seth Rogers, Lawrence Chen, Elise Paradis, Peter C. Rigby, Nachiappan Nagappan",https://doi.org/10.1145/3540250.3549104,no,no,no,,,,,
Proceedings of the 28th ACM Joint Meeting on European Software Engineering Conference and Symposium on the Foundations of Software Engineering,ESEC/FSE,JuanZhai_2020_C2S,2020,C2S: Translating Natural Language Comments to Formal Program Specifications,"Juan Zhai, Yu Shi, Minxue Pan, Guian Zhou, Yongxiang Liu, Chunrong Fang, Shiqing Ma, Lin Tan, Xiangyu Zhang",https://doi.org/10.1145/3368089.3409716,no,no,no,,,,,
Proceedings of the 2017 11th Joint Meeting on Foundations of Software Engineering,FSE,"TingSu,G_2017_Guided,",2017,"Guided, Stochastic Model-Based GUI Testing of Android Apps","Ting Su, Guozhu Meng, Yuting Chen, Ke Wu, Weiming Yang, Yao Yao, Geguang Pu, Yang Liu, Zhendong Su",https://doi.org/10.1145/3106237.3106298,no,no,no,,,,,
Proceedings of the 31st ACM Joint European Software Engineering Conference and Symposium on the Foundations of Software Engineering,ESEC/FSE,RuomengD_2023_TraceDiag,2023,"TraceDiag: Adaptive, Interpretable, and Efficient Root Cause Analysis on Large-Scale Microservice Systems","Ruomeng Ding, Chaoyun Zhang, Lu Wang, Yong Xu, Minghua Ma, Xiaomin Wu, Meng Zhang, Qingjun Chen, Xin Gao, Xuedong Gao, Hao Fan, Saravan Rajmohan, Qingwei Lin, Dongmei Zhang",https://doi.org/10.1145/3611643.3613864,no,no,no,,,,,
Proceedings of the 31st ACM Joint European Software Engineering Conference and Symposium on the Foundations of Software Engineering,ESEC/FSE,SumitAst_2023_A,2023,"A Case Study of Developer Bots: Motivations, Perceptions, and Challenges","Sumit Asthana, Hitesh Sajnani, Elena Voyloshnikova, Birendra Acharya, Kim Herzig",https://doi.org/10.1145/3611643.3616248,no,no,no,,,,,
Proceedings of the 28th ACM Joint Meeting on European Software Engineering Conference and Symposium on the Foundations of Software Engineering,ESEC/FSE,"LinyiLi,_2020_Clustering",2020,Clustering Test Steps in Natural Language toward Automating Test Automation,"Linyi Li, Zhenwen Li, Weijie Zhang, Jun Zhou, Pengcheng Wang, Jing Wu, Guanghua He, Xia Zeng, Yuetang Deng, Tao Xie",https://doi.org/10.1145/3368089.3417067,no,no,no,,,,,
Proceedings of the 2013 9th Joint Meeting on Foundations of Software Engineering,FSE,AntoniaB_2013_Adequate,2013,Adequate Monitoring of Service Compositions,"Antonia Bertolino, Eda Marchetti, Andrea Morichetta",https://doi.org/10.1145/2491411.2491441,no,no,no,,,,,
Proceedings of the 31st ACM Joint European Software Engineering Conference and Symposium on the Foundations of Software Engineering,ESEC/FSE,HuaienZh_2023_Statfier,2023,Statfier: Automated Testing of Static Analyzers via Semantic-Preserving Program Transformations,"Huaien Zhang, Yu Pei, Junjie Chen, Shin Hwei Tan",https://doi.org/10.1145/3611643.3616272,no,no,no,,,,,
Proceedings of the 31st ACM Joint European Software Engineering Conference and Symposium on the Foundations of Software Engineering,ESEC/FSE,FuyuanZh_2023_DeepRover,2023,DeepRover: A Query-Efficient Blackbox Attack for Deep Neural Networks,"Fuyuan Zhang, Xinwen Hu, Lei Ma, Jianjun Zhao",https://doi.org/10.1145/3611643.3616370,no,no,no,,,,,
Proceedings of the 31st ACM Joint European Software Engineering Conference and Symposium on the Foundations of Software Engineering,ESEC/FSE,XiaokaiW_2023_Towards,2023,Towards Greener Yet Powerful Code Generation via Quantization: An Empirical Study,"Xiaokai Wei, Sujan Kumar Gonugondla, Shiqi Wang, Wasi Ahmad, Baishakhi Ray, Haifeng Qian, Xiaopeng Li, Varun Kumar, Zijian Wang, Yuchen Tian, Qing Sun, Ben Athiwaratkun, Mingyue Shang, Murali Krishna Ramanathan, Parminder Bhatia, Bing Xiang",https://doi.org/10.1145/3611643.3616302,no,no,no,,,,,
Proceedings of the 31st ACM Joint European Software Engineering Conference and Symposium on the Foundations of Software Engineering,ESEC/FSE,Mingyuan_2023_SJFuzz,2023,SJFuzz: Seed and Mutator Scheduling for JVM Fuzzing,"Mingyuan Wu, Yicheng Ouyang, Minghai Lu, Junjie Chen, Yingquan Zhao, Heming Cui, Guowei Yang, Yuqun Zhang",https://doi.org/10.1145/3611643.3616277,no,no,no,,,,,
Proceedings of the 28th ACM Joint Meeting on European Software Engineering Conference and Symposium on the Foundations of Software Engineering,ESEC/FSE,Reyhaneh_2020_Automated,2020,Automated Construction of Energy Test Oracles for Android,"Reyhaneh Jabbarvand, Forough Mehralian, Sam Malek",https://doi.org/10.1145/3368089.3409677,no,no,no,,,,,
Proceedings of the 30th ACM Joint European Software Engineering Conference and Symposium on the Foundations of Software Engineering,ESEC/FSE,MarcoEdo_2022_On-the-Fly,2022,On-the-Fly Syntax Highlighting Using Neural Networks,"Marco Edoardo Palma, Pasquale Salza, Harald C. Gall",https://doi.org/10.1145/3540250.3549109,no,no,no,,,,,
Proceedings of the ACM SIGSOFT 20th International Symposium on the Foundations of Software Engineering,FSE,XushengX_2012_Automated,2012,Automated Extraction of Security Policies from Natural-Language Software Documents,"Xusheng Xiao, Amit Paradkar, Suresh Thummalapenta, Tao Xie",https://doi.org/10.1145/2393596.2393608,no,no,no,,,,,
Proceedings of the 31st ACM Joint European Software Engineering Conference and Symposium on the Foundations of Software Engineering,ESEC/FSE,VahidHar_2023_BFSig,2023,BFSig: Leveraging File Significance in Bus Factor Estimation,"Vahid Haratian, Mikhail Evtikhiev, Pouria Derakhshanfar, Eray T\""{u}z\""{u}n, Vladimir Kovalenko",https://doi.org/10.1145/3611643.3613877,no,no,no,,,,,
Proceedings of the 30th ACM Joint European Software Engineering Conference and Symposium on the Foundations of Software Engineering,ESEC/FSE,Chaozhen_2022_No,2022,No More Fine-Tuning? An Experimental Evaluation of Prompt Tuning in Code Intelligence,"Chaozheng Wang, Yuanhang Yang, Cuiyun Gao, Yun Peng, Hongyu Zhang, Michael R. Lyu",https://doi.org/10.1145/3540250.3549113,no,no,no,,,,,
Proceedings of the 31st ACM Joint European Software Engineering Conference and Symposium on the Foundations of Software Engineering,ESEC/FSE,Chaozhen_2023_A,2023,A Unified Framework for Mini-Game Testing: Experience on WeChat,"Chaozheng Wang, Haochuan Lu, Cuiyun Gao, Zongjie Li, Ting Xiong, Yuetang Deng",https://doi.org/10.1145/3611643.3613868,no,no,no,,,,,
Proceedings of the 31st ACM Joint European Software Engineering Conference and Symposium on the Foundations of Software Engineering,ESEC/FSE,"BoLin,Sh_2023_CCT5",2023,CCT5: A Code-Change-Oriented Pre-Trained Model,"Bo Lin, Shangwen Wang, Zhongxin Liu, Yepang Liu, Xin Xia, Xiaoguang Mao",https://doi.org/10.1145/3611643.3616339,no,no,no,,,,,
Proceedings of the 2018 26th ACM Joint Meeting on European Software Engineering Conference and Symposium on the Foundations of Software Engineering,ESEC/FSE,Alexandr_2018_Performance,2018,Performance Comprehension at WiredTiger,"Alexandra Fedorova, Craig Mustard, Ivan Beschastnikh, Julia Rubin, Augustine Wong, Svetozar Miucin, Louis Ye",https://doi.org/10.1145/3236024.3236081,no,no,no,,,,,
Proceedings of the 29th ACM Joint Meeting on European Software Engineering Conference and Symposium on the Foundations of Software Engineering,ESEC/FSE,PeisenYa_2021_Skeletal,2021,Skeletal Approximation Enumeration for SMT Solver Testing,"Peisen Yao, Heqing Huang, Wensheng Tang, Qingkai Shi, Rongxin Wu, Charles Zhang",https://doi.org/10.1145/3468264.3468540,no,no,no,,,,,
Proceedings of the 2018 26th ACM Joint Meeting on European Software Engineering Conference and Symposium on the Foundations of Software Engineering,ESEC/FSE,MijungKi_2018_Which,2018,Which Generated Test Failures Are Fault Revealing? Prioritizing Failures Based on Inferred Precondition Violations Using PAF,"Mijung Kim, Shing-Chi Cheung, Sunghun Kim",https://doi.org/10.1145/3236024.3236058,no,no,no,,,,,
Proceedings of the 31st ACM Joint European Software Engineering Conference and Symposium on the Foundations of Software Engineering,ESEC/FSE,YiranZha_2023_Software,2023,Software Architecture Recovery with Information Fusion,"Yiran Zhang, Zhengzi Xu, Chengwei Liu, Hongxu Chen, Jianwen Sun, Dong Qiu, Yang Liu",https://doi.org/10.1145/3611643.3616285,no,no,no,,,,,
Proceedings of the 30th ACM Joint European Software Engineering Conference and Symposium on the Foundations of Software Engineering,ESEC/FSE,"LinShi,F_2022_Are",2022,Are We Building on the Rock? On the Importance of Data Preprocessing for Code Summarization,"Lin Shi, Fangwen Mu, Xiao Chen, Song Wang, Junjie Wang, Ye Yang, Ge Li, Xin Xia, Qing Wang",https://doi.org/10.1145/3540250.3549145,no,no,no,,,,,
Proceedings of the 2013 9th Joint Meeting on Foundations of Software Engineering,FSE,CasperS._2013_Server,2013,Server Interface Descriptions for Automated Testing of JavaScript Web Applications,"Casper S. Jensen, Anders M\o{}ller, Zhendong Su",https://doi.org/10.1145/2491411.2491421,no,no,no,,,,,
Proceedings of the 31st ACM Joint European Software Engineering Conference and Symposium on the Foundations of Software Engineering,ESEC/FSE,ChongWan_2023_Mining,2023,Mining Resource-Operation Knowledge to Support Resource Leak Detection,"Chong Wang, Yiling Lou, Xin Peng, Jianan Liu, Baihan Zou",https://doi.org/10.1145/3611643.3616315,no,no,no,,,,,
Proceedings of the 2019 27th ACM Joint Meeting on European Software Engineering Conference and Symposium on the Foundations of Software Engineering,ESEC/FSE,YunhoKim_2019_Target-Driven,2019,Target-Driven Compositional Concolic Testing with Function Summary Refinement for Effective Bug Detection,"Yunho Kim, Shin Hong, Moonzoo Kim",https://doi.org/10.1145/3338906.3338934,no,no,no,,,,,
Proceedings of the 30th ACM Joint European Software Engineering Conference and Symposium on the Foundations of Software Engineering,ESEC/FSE,LucaDiGr_2022_The,2022,The Evolution of Type Annotations in Python: An Empirical Study,"Luca Di Grazia, Michael Pradel",https://doi.org/10.1145/3540250.3549114,no,no,no,,,,,
Proceedings of the 2017 11th Joint Meeting on Foundations of Software Engineering,FSE,"LiliWei,_2017_OASIS",2017,OASIS: Prioritizing Static Analysis Warnings for Android Apps Based on App User Reviews,"Lili Wei, Yepang Liu, Shing-Chi Cheung",https://doi.org/10.1145/3106237.3106294,no,no,no,,,,,
Proceedings of the 28th ACM Joint Meeting on European Software Engineering Conference and Symposium on the Foundations of Software Engineering,ESEC/FSE,Qingrong_2020_Understanding,2020,Understanding and Discovering Software Configuration Dependencies in Cloud and Datacenter Systems,"Qingrong Chen, Teng Wang, Owolabi Legunsen, Shanshan Li, Tianyin Xu",https://doi.org/10.1145/3368089.3409727,no,no,no,,,,,
Proceedings of the 28th ACM Joint Meeting on European Software Engineering Conference and Symposium on the Foundations of Software Engineering,ESEC/FSE,JieshanC_2020_Object,2020,Object Detection for Graphical User Interface: Old Fashioned or Deep Learning or a Combination?,"Jieshan Chen, Mulong Xie, Zhenchang Xing, Chunyang Chen, Xiwei Xu, Liming Zhu, Guoqiang Li",https://doi.org/10.1145/3368089.3409691,no,no,no,,,,,
Proceedings of the 29th ACM Joint Meeting on European Software Engineering Conference and Symposium on the Foundations of Software Engineering,ESEC/FSE,MingweiL_2021_Learning-Based,2021,Learning-Based Extraction of First-Order Logic Representations of API Directives,"Mingwei Liu, Xin Peng, Andrian Marcus, Christoph Treude, Xuefang Bai, Gang Lyu, Jiazhan Xie, Xiaoxin Zhang",https://doi.org/10.1145/3468264.3468618,no,no,no,,,,,
Proceedings of the 29th ACM Joint Meeting on European Software Engineering Conference and Symposium on the Foundations of Software Engineering,ESEC/FSE,ZhipengG_2021_Automating,2021,Automating the Removal of Obsolete TODO Comments,"Zhipeng Gao, Xin Xia, David Lo, John Grundy, Thomas Zimmermann",https://doi.org/10.1145/3468264.3468553,no,no,no,,,,,
Proceedings of the ACM SIGSOFT 20th International Symposium on the Foundations of Software Engineering,FSE,AnhTuanN_2012_Multi-Layered,2012,Multi-Layered Approach for Recovering Links between Bug Reports and Fixes,"Anh Tuan Nguyen, Tung Thanh Nguyen, Hoan Anh Nguyen, Tien N. Nguyen",https://doi.org/10.1145/2393596.2393671,no,no,no,,,,,
Proceedings of the 2015 10th Joint Meeting on Foundations of Software Engineering,FSE,MateusBo_2015_Iterative,2015,Iterative Distribution-Aware Sampling for Probabilistic Symbolic Execution,"Mateus Borges, Antonio Filieri, Marcelo D'Amorim, Corina S. P\u{a}s\u{a}reanu",https://doi.org/10.1145/2786805.2786832,no,no,no,,,,,
Proceedings of the 28th ACM Joint Meeting on European Software Engineering Conference and Symposium on the Foundations of Software Engineering,ESEC/FSE,WenkaiXi_2020_API,2020,API Method Recommendation via Explicit Matching of Functionality Verb Phrases,"Wenkai Xie, Xin Peng, Mingwei Liu, Christoph Treude, Zhenchang Xing, Xiaoxin Zhang, Wenyun Zhao",https://doi.org/10.1145/3368089.3409731,no,no,no,,,,,
Proceedings of the 22nd ACM SIGSOFT International Symposium on Foundations of Software Engineering,FSE,RiyadhMa_2014_EvoDroid,2014,EvoDroid: Segmented Evolutionary Testing of Android Apps,"Riyadh Mahmood, Nariman Mirzaei, Sam Malek",https://doi.org/10.1145/2635868.2635896,no,no,no,,,,,
Proceedings of the 31st ACM Joint European Software Engineering Conference and Symposium on the Foundations of Software Engineering,ESEC/FSE,"YaliDu,Z_2023_Pre-Training",2023,Pre-Training Code Representation with Semantic Flow Graph for Effective Bug Localization,"Yali Du, Zhongxing Yu",https://doi.org/10.1145/3611643.3616338,no,no,no,,,,,
Proceedings of the 22nd ACM SIGSOFT International Symposium on Foundations of Software Engineering,FSE,LauraMor_2014_Automatic,2014,Automatic Generation of Release Notes,"Laura Moreno, Gabriele Bavota, Massimiliano Di Penta, Rocco Oliveto, Andrian Marcus, Gerardo Canfora",https://doi.org/10.1145/2635868.2635870,no,no,no,,,,,
Proceedings of the 29th ACM Joint Meeting on European Software Engineering Conference and Symposium on the Foundations of Software Engineering,ESEC/FSE,Jonathan_2021_FuzzBench,2021,FuzzBench: An Open Fuzzer Benchmarking Platform and Service,"Jonathan Metzman, L\'{a}szl\'{o} Szekeres, Laurent Simon, Read Sprabery, Abhishek Arya",https://doi.org/10.1145/3468264.3473932,no,no,no,,,,,
Proceedings of the 30th ACM Joint European Software Engineering Conference and Symposium on the Foundations of Software Engineering,ESEC/FSE,AliRezaI_2022_Perfect,2022,Perfect is the Enemy of Test Oracle,"Ali Reza Ibrahimzada, Yigit Varli, Dilara Tekinoglu, Reyhaneh Jabbarvand",https://doi.org/10.1145/3540250.3549086,no,no,no,,,,,
Proceedings of the 28th ACM Joint Meeting on European Software Engineering Conference and Symposium on the Foundations of Software Engineering,ESEC/FSE,YuhaoZha_2020_Detecting,2020,Detecting Numerical Bugs in Neural Network Architectures,"Yuhao Zhang, Luyao Ren, Liqian Chen, Yingfei Xiong, Shing-Chi Cheung, Tao Xie",https://doi.org/10.1145/3368089.3409720,yes,,,,,,,
Proceedings of the 31st ACM Joint European Software Engineering Conference and Symposium on the Foundations of Software Engineering,ESEC/FSE,XiaoxueR_2023_API-Knowledge,2023,"API-Knowledge Aware Search-Based Software Testing: Where, What, and How","Xiaoxue Ren, Xinyuan Ye, Yun Lin, Zhenchang Xing, Shuqing Li, Michael R. Lyu",https://doi.org/10.1145/3611643.3616269,no,no,no,,,,,
Proceedings of the 29th ACM Joint Meeting on European Software Engineering Conference and Symposium on the Foundations of Software Engineering,ESEC/FSE,SoutiCha_2021_Reel,2021,Reel Life vs. Real Life: How Software Developers Share Their Daily Life through Vlogs,"Souti Chattopadhyay, Thomas Zimmermann, Denae Ford",https://doi.org/10.1145/3468264.3468599,no,no,no,,,,,
Proceedings of the 2015 10th Joint Meeting on Foundations of Software Engineering,FSE,TuongHua_2015_Rule-Based,2015,Rule-Based Extraction of Goal-Use Case Models from Text,"Tuong Huan Nguyen, John Grundy, Mohamed Almorsy",https://doi.org/10.1145/2786805.2786876,no,no,no,,,,,
Proceedings of the 2019 27th ACM Joint Meeting on European Software Engineering Conference and Symposium on the Foundations of Software Engineering,ESEC/FSE,Zhouyang_2019_Automatically,2019,Automatically Detecting Missing Cleanup for Ungraceful Exits,"Zhouyang Jia, Shanshan Li, Tingting Yu, Xiangke Liao, Ji Wang",https://doi.org/10.1145/3338906.3338938,no,no,no,,,,,
Proceedings of the 2015 10th Joint Meeting on Foundations of Software Engineering,FSE,NishantS_2015_Responsive,2015,Responsive Designs in a Snap,"Nishant Sinha, Rezwana Karim",https://doi.org/10.1145/2786805.2786808,no,no,no,,,,,
Proceedings of the 2018 26th ACM Joint Meeting on European Software Engineering Conference and Symposium on the Foundations of Software Engineering,ESEC/FSE,LiyanSon_2018_A,2018,A Novel Automated Approach for Software Effort Estimation Based on Data Augmentation,"Liyan Song, Leandro L. Minku, Xin Yao",https://doi.org/10.1145/3236024.3236052,no,no,no,,,,,
Proceedings of the 32nd ACM International Conference on the Foundations of Software Engineering,FSE,DongJaeKim_2024_Decoding,2024,Decoding Anomalies! Unraveling Operational Challenges in Human-in-the-Loop Anomaly Validation,"Dong Jae Kim, Steven Locke, Tse-Hsun (Peter) Chen, Andrei Toma, Sarah Sajedi, Steve Sporea, and Laura Weinkam",https://dl.acm.org/doi/abs/10.1145/3663529.3663857,no,no,no,,,,,
Proceedings of the 32nd ACM International Conference on the Foundations of Software Engineering,FSE,AhmedHassan_2024_Rethinking,2024,Rethinking Software Engineering in the Era of Foundation Models: A Curated Catalogue of Challenges in the Development of Trustworthy FMware,"Ahmed E. Hassan, Dayi Lin, Gopi Krishnan Rajbahadur, Keheliya Gallaba, Filipe Roseiro Cogo, Boyuan Chen, Haoxiang Zhang, Kishanthan Thangarajah, Gustavo Oliva, Jiahuei (Justina) Lin, Wali Mohammad Abdullah, and Zhen Ming (Jack) Jiang",https://doi.org/10.1145/3663529.3663849,no,no,no,,,,,
Proceedings of the 32nd ACM International Conference on the Foundations of Software Engineering,FSE,DevjeetRoy_2024_Exploring,2024,Exploring LLM-Based Agents for Root Cause Analysis,"Devjeet Roy, Xuchao Zhang, Rashi Bhave, Chetan Bansal, Pedro Las-Casas, Rodrigo Fonseca, and Saravan Rajmohan",https://doi.org/10.1145/3663529.3663841,no,no,no,,,,,
Proceedings of the 32nd ACM International Conference on the Foundations of Software Engineering,FSE,KomalSarda_2024_Leveraging,2024,Leveraging Large Language Models for the Auto-remediation of Microservice Applications: An Experimental Study,"Komal Sarda, Zakeya Namrud, Marin Litoiu, Larisa Shwartz, and Ian Watts",https://doi.org/10.1145/3663529.3663855,no,no,no,,,,,
Proceedings of the 32nd ACM International Conference on the Foundations of Software Engineering,FSE,XinyiWang_2024_Application,2024,Application of Quantum Extreme Learning Machines for QoS Prediction of Elevators’ Software in an Industrial Context,"Xinyi Wang, Shaukat Ali, Aitor Arrieta, Paolo Arcaini, and Maite Arratibel",https://doi.org/10.1145/3663529.3663859,no,no,no,,,,,
Proceedings of the 32nd ACM International Conference on the Foundations of Software Engineering,FSE,DylanZhang_2024_LM-PACE,2024,LM-PACE: Confidence Estimation by Large Language Models for Effective Root Causing of Cloud Incidents,"Dylan Zhang, Xuchao Zhang, Chetan Bansal, Pedro Las-Casas, Rodrigo Fonseca, and Saravan Rajmohan",https://doi.org/10.1145/3663529.3663858,no,no,no,,,,,
Proceedings of the 32nd ACM International Conference on the Foundations of Software Engineering,FSE,ZhaoyangYu_2024_Monitor,2024,MonitorAssistant: Simplifying Cloud Service Monitoring via Large Language Models,"Zhaoyang Yu, Minghua Ma, Chaoyun Zhang, Si Qin, Yu Kang, Chetan Bansal, Saravan Rajmohan, Yingnong Dang, Changhua Pei, Dan Pei, Qingwei Lin, and Dongmei Zhang",https://doi.org/10.1145/3663529.3663826,no,no,no,,,,,
Proceedings of the 32nd ACM International Conference on the Foundations of Software Engineering,FSE,QunyingSong_2024_An,2024,An Empirically Grounded Path Forward for Scenario-Based Testing of Autonomous Driving Systems,"Qunying Song, Emelie Engström, and Per Runeson",https://doi.org/10.1145/3663529.3663843,no,no,no,,,,,
Proceedings of the 32nd ACM International Conference on the Foundations of Software Engineering,FSE,ZhenheYao_2024_Chain,2024,Chain-of-Event: Interpretable Root Cause Analysis for Microservices through Automatically Learning Weighted Event Causal Graph,"Zhenhe Yao, Changhua Pei, Wenxiao Chen, Hanzhang Wang, Liangfei Su, Huai Jiang, Zhe Xie, Xiaohui Nie, and Dan Pei",https://doi.org/10.1145/3663529.3663827,no,no,no,,,,,
Proceedings of the 32nd ACM International Conference on the Foundations of Software Engineering,FSE,DimitriosPlatis_2024_The,2024,"The Lion, the Ecologist and the Plankton: A Classification of Species in Multi-bot Ecosystems","Dimitrios Platis, Linda Erlenhov, and Francisco Gomes de Oliveira Neto",https://doi.org/10.1145/3663529.3663782,no,no,no,,,,,
Proceedings of the 32nd ACM International Conference on the Foundations of Software Engineering,FSE,JinglingSun_2024_Property,2024,Property-Based Testing for Validating User Privacy-Related Functionalities in Social Media Apps,"Jingling Sun, Ting Su, Jun Sun, Jianwen Li, Mengfei Wang, and Geguang Pu",https://doi.org/10.1145/3663529.3663863,no,no,no,,,,,
Proceedings of the 32nd ACM International Conference on the Foundations of Software Engineering,FSE,QuanZhang_2024_Human,2024,Human-Imperceptible Retrieval Poisoning Attacks in LLM-Powered Applications,"Quan Zhang, Binqi Zeng, Chijin Zhou, Gwihwan Go, Heyuan Shi, and Yu Jiang",https://doi.org/10.1145/3663529.3663786,no,no,no,,,,,
Proceedings of the 32nd ACM International Conference on the Foundations of Software Engineering,FSE,FabianStolp_2024_CognitIDE,2024,CognitIDE: An IDE Plugin for Mapping Physiological Measurements to Source Code,"Fabian Stolp, Malte Stellmacher, and Bert Arnrich",https://doi.org/10.1145/3663529.3663805,no,no,no,,,,,
Proceedings of the 32nd ACM International Conference on the Foundations of Software Engineering,FSE,DorinPomian_2024_EM,2024,EM-Assist: Safe Automated ExtractMethod Refactoring with LLMs,"Dorin Pomian, Abhiram Bellur, Malinda Dilhara, Zarina Kurbatova, Egor Bogomolov, Andrey Sokolov, Timofey Bryksin",https://doi.org/10.1145/3663529.3663803,no,no,no,,,,,
,FSE,,2025,TerzoN: Human-in-the-Loop Software Testing with a Composite Oracle,"Davis, Matthew C. and Wei, Amy and Myers, Brad A. and Sunshine, Joshua",https://doi.org/10.1145/3729359,no,no,no,,,,,
,FSE,,2025,On the Unnecessary Complexity of Names in X.509 and Their Impact on Implementations,"Sun, Yuteng and Debnath, Joyanta and Hong, Wenzheng and Chowdhury, Omar and Chau, Sze Yiu",https://doi.org/10.1145/3715785,no,no,no,,,,,
,FSE,,2025,Performance Bugs in Configurable Software Systems,"Weber, Max and Mailach, Alina and Apel, Sven and Siegmund, Janet and Dachselt, Raimund and Siegmund, Norbert",https://doi.org/10.1145/3717523,no,no,no,,,,,
